gen,nevals,avg,stddev,min,max,run,representation
0,50,-1.0099999999999998,0.0,-1.0099999999999998,-1.0099999999999998,1,f1-native
1,45,-0.8505333333330778,0.3653840354117306,-1.0099999999999998,-0.0133333333317374,1,f1-native
2,47,-0.4321333324184675,0.4921492599842675,-1.0150000000428947,-0.0133333186114765,1,f1-native
3,40,-0.3532866610685209,0.5142441458287549,-2.0159999999841025,-0.0133333083672183,1,f1-native
4,44,-0.1932333278629895,0.3839754653027301,-1.0150000170277844,-0.0133333074930961,1,f1-native
5,45,-0.2330999990332083,0.4138086015357736,-1.0150000174216691,-0.0133333034675333,1,f1-native
6,46,-0.2129666655541818,0.3992679829806254,-1.0150000170277844,-0.0133333034675333,1,f1-native
7,45,-0.2528332268722476,0.4261945207336406,-1.0150000170277844,-0.0133333034675333,1,f1-native
8,46,-0.2532333203839472,0.4269068980689945,-1.0150000174216691,-0.0133331081741492,1,f1-native
9,47,-0.3529998829621598,0.4732464438162751,-1.0150000232180785,-0.0133331144919026,1,f1-native
10,46,-0.2730666606340084,0.438186202183049,-1.0150000174216691,-0.013333247393212,1,f1-native
11,45,-0.3328533149792528,0.5070071293997562,-2.016000004919666,-0.0133331144919026,1,f1-native
12,44,-0.3731332029985029,0.4797355261521527,-1.0150001362127556,-0.0133331144919026,1,f1-native
13,46,-0.3927080619389775,0.4845898363931616,-1.0150002863719954,-0.0133330667086164,1,f1-native
14,49,-0.2731472873458427,0.4390554558727592,-1.0150002863719954,0.0026208001867176,1,f1-native
15,48,-0.229293235994792,0.4160468319990087,-1.0150000188252293,0.0719839258918567,1,f1-native
16,44,-0.3241577036169705,0.6190063043341297,-3.01666513325653,0.1076465135229561,1,f1-native
17,46,-0.3005645381249305,0.5986617383326879,-2.015999973917284,0.1076465135229561,1,f1-native
18,47,-0.1690816622677215,0.6633152996857883,-3.016666555339877,0.136572604787669,1,f1-native
19,45,-0.1090890305581291,0.5834939626943527,-3.015032397720246,0.1359812586073075,1,f1-native
20,48,-0.1934748578931062,0.9280903120012212,-4.01714285811999,0.2384546235639352,1,f1-native
21,43,0.0637071014535939,0.4435083409112963,-3.016666641741962,0.2494855271673808,1,f1-native
22,45,-0.0040588274345886,0.7702026816206371,-5.002521770437921,0.3326761427153809,1,f1-native
23,44,-0.0235606918774805,1.0195603119157477,-5.00508324830387,0.388949232290932,1,f1-native
24,45,0.0276039484582715,0.7291137011023888,-4.017142863589637,0.4206486621817931,1,f1-native
25,49,0.2190312513444541,0.1017757447723559,0.0067275994132513,0.4206486621817931,1,f1-native
26,48,0.0533733297515713,1.05611248698369,-6.0036809043297925,0.4206486621817931,1,f1-native
27,41,0.2840491493235164,0.1194289332670036,0.0330811765811335,0.421013163191114,1,f1-native
28,48,0.2895227414201017,0.1244481446412553,0.0562660162257749,0.421013163191114,1,f1-native
29,47,0.2480786563661915,0.4803794556844303,-3.016666667167205,0.5248077869350689,1,f1-native
30,46,0.30327313259855,0.1338878531501327,0.0055198227059322,0.5318598968822619,1,f1-native
31,47,0.3468688588738001,0.1430939506523968,0.0184065161792534,0.623382060901535,1,f1-native
32,46,0.3569851909042599,0.1611157291492309,0.0374400530506129,0.6515556063471815,1,f1-native
33,44,0.3800840847831174,0.2566725443707837,-1.0150000002897597,0.6866148763065235,1,f1-native
34,43,0.420620913244167,0.1928670416193352,0.0721687590423268,0.6866148763065235,1,f1-native
35,47,0.2795813599692552,0.9264678675093384,-6.009610429824749,0.6866148763065235,1,f1-native
36,43,0.4789415216956018,0.1970531808626044,0.0725546500256571,0.6866148763065235,1,f1-native
37,45,0.4672962842864659,0.2180065317151533,0.0742731284096853,0.6968352906178173,1,f1-native
38,49,0.4515592000145811,0.2330069462009453,0.0612664195723235,0.7094059881179539,1,f1-native
39,42,0.4807898960031799,0.2147121443356526,0.0783316583951643,0.852320113597258,1,f1-native
40,47,0.5130667909801593,0.2300612245776652,0.0783316583951643,0.9083039816076912,1,f1-native
41,45,0.5989875081148032,0.2136435291016967,0.0826722968593645,0.9083039816076912,1,f1-native
42,43,0.619227720073062,0.2347948885697428,0.0826989835100668,0.8546333969347261,1,f1-native
43,44,0.5677125542647359,0.2585629120643777,0.0180800544575524,0.8546333969347261,1,f1-native
44,46,0.4791903821684002,0.4505233635876471,-2.001039354412429,0.8882565215756812,1,f1-native
45,45,0.5015188452187375,0.3210938679958603,-1.0149999821056608,0.888256521575682,1,f1-native
46,43,0.550890932986674,0.4361091651305549,-2.003960047088619,0.8928528719582498,1,f1-native
47,46,0.5452415459224794,0.267415000687203,0.0855943018715074,0.888256521575682,1,f1-native
48,49,0.5683061510492013,0.2752226424842299,0.0092370224685811,0.9019812856354272,1,f1-native
49,47,0.5887355724042801,0.2512295101994771,0.1449378345181854,0.901751512279652,1,f1-native
50,44,0.5673412420822186,0.2806352078355513,0.0883186936177952,0.901751512279652,1,f1-native
51,46,0.5124130602470608,0.4488427834342831,-2.0136347234534058,0.901751512279652,1,f1-native
52,46,0.6253189993576296,0.235221866637391,0.1333324616183662,0.9154602466607188,1,f1-native
53,48,0.5009910287848663,0.5710319708282856,-3.00277635422834,0.9422128942733556,1,f1-native
54,48,0.583419284782351,0.2697361398267375,0.1543921213176318,0.9422128942733556,1,f1-native
55,48,0.4796820465734947,0.4539897571894182,-2.0117114402667484,0.9422128942733556,1,f1-native
56,48,0.5753150517677903,0.2938830379495012,0.1062736639484579,0.9427335132496116,1,f1-native
57,48,0.5681554346377404,0.3129050229431416,0.1268338908185916,0.9950592456489512,1,f1-native
58,47,0.5714563860816516,0.2902549020733013,0.1484553285464573,0.9952654927808584,1,f1-native
59,46,0.5901919079163346,0.3232793907461814,0.0299118029161359,0.9952654927808584,1,f1-native
60,47,0.4712504093982453,0.3792999953849383,-1.0012115076835952,0.9952654927808596,1,f1-native
61,49,0.5203638045623082,0.3494034353813778,-1.011754998593992,0.9952654927808596,1,f1-native
62,45,0.5799076960713033,0.278548137905075,0.1225086757144443,0.9952654927808596,1,f1-native
63,46,0.6720571636125717,0.3072453873865415,0.0934042222598762,1.0245469072468107,1,f1-native
64,48,0.6177628741289009,0.29450218482013,0.1235950472494221,1.0514083800915663,1,f1-native
65,46,0.5774716215990231,0.2967707793739442,0.1064792900924969,0.9952597125947994,1,f1-native
66,46,0.6146714932854818,0.3129145173362638,0.1270203815164233,1.0474427064327634,1,f1-native
67,45,0.6850649687484947,0.3284950164407224,0.0971446657972956,1.050828425964499,1,f1-native
68,46,0.5871276681113698,0.3480337608213669,0.1036539126797381,1.050828425964499,1,f1-native
69,48,0.594383660891622,0.3363462195463593,0.0818084784243294,1.050828425964499,1,f1-native
70,45,0.6027889508034291,0.3282982125794233,0.0959242127277607,1.0468745710672291,1,f1-native
71,47,0.6843543228659479,0.3266151884654685,0.1334536103887484,1.032011797927569,1,f1-native
72,48,0.740706327696025,0.3237150544925952,0.0236332463007029,1.032011797927569,1,f1-native
73,48,0.722112069663903,0.3307668292191378,0.0810009433175614,1.0571484674491884,1,f1-native
74,47,0.688600581805963,0.3303911867998568,0.1049643901580533,1.0571484674491884,1,f1-native
75,46,0.7432515855937987,0.3144767120090291,0.0932204176558672,1.0573070055520433,1,f1-native
76,47,0.8411608419350329,0.28828174964025,0.1800541405397499,1.0752685319173232,1,f1-native
77,45,0.6872615462627448,0.3723004455330128,0.06225941068578,1.0836473336681465,1,f1-native
78,44,0.8090543052182315,0.309077685722012,0.1805563454769366,1.0836473336681465,1,f1-native
79,49,0.7832718235097311,0.3631469201355349,0.1696542809968364,1.1043977875692566,1,f1-native
80,48,0.8001811305566158,0.328510361047115,0.1191834700028279,1.1043977875692574,1,f1-native
81,45,0.8205274962013687,0.3239095275751753,0.0558299754426401,1.1043977875692574,1,f1-native
82,45,0.7913887498013521,0.3364872526975083,0.1805358971128009,1.1165988056158511,1,f1-native
83,44,0.8079465960508102,0.3183915533623079,0.0630576996103853,1.1165988056158516,1,f1-native
84,48,0.7444538576685857,0.3703384502592277,0.1281129208637229,1.1165988056158516,1,f1-native
85,45,0.7805585863311603,0.3368231979150764,0.1401059772700996,1.1165988056158511,1,f1-native
86,45,0.633399053259315,0.3770728040241358,0.1157212081936808,1.1165988056158511,1,f1-native
87,45,0.7401671116420604,0.3298152370772369,0.1707008069777119,1.1226288231978154,1,f1-native
88,46,0.8365821486044278,0.3321842353251783,0.1401122124001881,1.1226288231978154,1,f1-native
89,47,0.8292962706776246,0.3518812300651887,0.1509841810052651,1.1226229079349554,1,f1-native
90,44,0.8482238508223395,0.3542220080443558,0.1592256651077663,1.128551864896752,1,f1-native
91,46,0.8513273601393857,0.3592082617032175,0.0921077429231248,1.13216679608207,1,f1-native
92,46,0.7923788308672803,0.3684873746135492,0.1574594095017376,1.1323531046649178,1,f1-native
93,46,0.8302141493516381,0.3524815534655804,0.156774311953084,1.1323531046649185,1,f1-native
94,46,0.8139575803803687,0.3597353404126944,0.0434129514457816,1.132353104664919,1,f1-native
95,45,0.7970049721315643,0.3723143866552472,0.1721166296754522,1.1323538318833235,1,f1-native
96,47,0.7726311740083492,0.3382637804233184,0.1365755842649343,1.1381162962040854,1,f1-native
97,47,0.7587847612383143,0.3319729024604494,0.1763917318908508,1.145083224692124,1,f1-native
98,45,0.8111138223541122,0.3560212349813956,0.1409239715529752,1.1453028932255451,1,f1-native
99,46,0.8457756572384995,0.3707135128946272,0.1418957477550403,1.2353484586449746,1,f1-native
100,47,0.7946803990393679,0.3601992535614904,0.1728800763570855,1.2353484586449746,1,f1-native
0,50,-1.0099999999999998,0.0,-1.0099999999999998,-1.0099999999999998,10,f1-native
1,48,-0.7907333333329819,0.4128654825330067,-1.0099999999999998,-0.0133333333317374,10,f1-native
2,45,-0.4321333333576108,0.4921492591850929,-1.0150000000428947,-0.0133333186114765,10,f1-native
3,48,-0.3734199990788496,0.5202109728327736,-2.0159999999841025,-0.013333307716814,10,f1-native
4,47,-0.1730999962024992,0.3660727032955557,-1.0150000000428947,-0.0133333186114765,10,f1-native
5,47,-0.1731999925347211,0.366301917562696,-1.0150000000428947,-0.0133333099748095,10,f1-native
6,44,-0.2533333240928867,0.4270846945020712,-1.015000024143896,-0.0133333099748095,10,f1-native
7,46,-0.2533333217207721,0.4270846949039787,-1.0150000000704364,-0.0133333099748095,10,f1-native
8,46,-0.2330999889567246,0.4138086041070303,-1.0150000002078676,-0.013333307716814,10,f1-native
9,47,-0.3528999869268041,0.4731072065043233,-1.0150000002078676,-0.013333307716814,10,f1-native
10,47,-0.3934666594232384,0.4855586568898689,-1.0150000560413552,-0.0133333099710381,10,f1-native
11,44,-0.2731666555228803,0.4383549172466918,-1.0150000077621206,-0.0133333099710381,10,f1-native
12,45,-0.291937190262142,0.4485371692383814,-1.015000000105164,0.0257245034384245,10,f1-native
13,43,-0.3083814733953127,0.4621148363686614,-1.015000001031387,0.0399846741869835,10,f1-native
14,42,-0.3810480018208582,0.6046915692833029,-2.0160000001846905,0.0454105427977512,10,f1-native
15,41,-0.388894922643258,0.7616323867114824,-3.016666670055332,0.0987944393744957,10,f1-native
16,48,-0.2782460621633504,0.5940289339736521,-2.0160000246363348,0.1753344515409058,10,f1-native
17,48,-0.1257180229290633,0.4382641675315216,-2.0011292075607066,0.307455878828593,10,f1-native
18,46,-0.0222938288164288,0.2989534049474188,-1.0150003828413918,0.307455878828593,10,f1-native
19,47,-0.2348805557712097,0.8131937571688821,-3.0166666602415524,0.307455878828593,10,f1-native
20,46,-0.0296286109811169,0.5457140380623088,-3.016666669773439,0.307455878828593,10,f1-native
21,41,0.1480479528473413,0.0991783725504208,-0.0133333474984131,0.3278195853936421,10,f1-native
22,47,0.0924405812791749,0.3937744097472997,-2.016000009027688,0.3353775879488516,10,f1-native
23,46,0.0092268897773531,0.5713337170403017,-2.0160000061274848,0.3200618729349395,10,f1-native
24,48,0.0008443003665552,0.531506180945553,-2.0160000060008683,0.3200618729349395,10,f1-native
25,49,0.0403241593546486,0.6755284912057582,-3.0166666613851736,0.3226518465303249,10,f1-native
26,43,0.0660186045749295,0.5252560145018792,-2.0160000060008683,0.3482788984934293,10,f1-native
27,45,0.0462329009548231,0.6150690607559592,-2.016000004558675,0.4098626463146981,10,f1-native
28,44,-0.170148079250802,1.1420236936729735,-4.017142854437339,0.4284572817364755,10,f1-native
29,50,0.0921285615042145,0.5438179856074826,-2.016000006863876,0.4284572817364755,10,f1-native
30,47,-0.1880389332856339,1.1793104802503245,-4.017142861771641,0.4469529248899636,10,f1-native
31,43,0.1835053990789303,0.6097583358602566,-4.01714285579161,0.4284572817364755,10,f1-native
32,46,0.2183025167610472,0.6171390841154916,-4.017142877105968,0.5109981046372968,10,f1-native
33,42,0.3135753178368332,0.1260591744058214,0.0266873800654569,0.5777242774883122,10,f1-native
34,40,0.1734041687474166,0.9504542761289612,-5.017500000398234,0.5777242774883125,10,f1-native
35,50,0.1419584440677089,1.16809082596184,-6.017777778113861,0.653992503812948,10,f1-native
36,47,0.2536541065845876,0.8819224638688731,-4.017142858052651,0.61938631697091,10,f1-native
37,44,0.2384984922832586,0.882067590691899,-4.017142857687856,0.6329823318482017,10,f1-native
38,48,0.2585400846660127,0.9893449114837132,-5.017499998210701,0.6775190248659634,10,f1-native
39,46,0.2998996755393036,0.995210875659722,-5.0174999975880645,0.6775190248659634,10,f1-native
40,44,0.3931069602156165,0.7848851132168736,-5.017499998359163,0.6830630800054768,10,f1-native
41,46,0.4413336210441801,0.6605564619961929,-4.017142856293387,0.7999498258085479,10,f1-native
42,45,0.5063190031192532,0.1951635720016938,0.0110319348984962,0.7999498258085479,10,f1-native
43,43,0.2797729365304723,1.0988625760370836,-4.017142856886539,0.7999498258085479,10,f1-native
44,46,0.3160879092738148,1.2089823558327666,-6.017777778061117,0.8198089665354997,10,f1-native
45,44,0.4658943372213248,0.6661495894919505,-4.017142856127771,0.837301181290533,10,f1-native
46,46,0.5707268815821861,0.1986762410705828,0.0170152393433434,0.837301181290533,10,f1-native
47,45,0.5218896610845145,0.8078672064004936,-5.017499999328302,0.837301181290533,10,f1-native
48,44,0.4484827441169208,1.2279759067271143,-8.018181817399295,0.8577673957730987,10,f1-native
49,46,0.4789528144210168,0.8194426398840724,-5.017500000403239,0.8577673957730987,10,f1-native
50,46,0.4483235956091254,0.9600266477269276,-6.017777778035047,0.8577673957730987,10,f1-native
51,48,0.5770445095678887,0.2480197851146422,0.0526226844850745,0.8577673957730969,10,f1-native
52,44,0.6212016179524951,0.2246820090071732,0.0539297021514428,0.8577673957730972,10,f1-native
53,47,0.6011066777937981,0.2332606324979854,0.0362950245044935,0.8577673957730972,10,f1-native
54,48,0.4907122967181436,0.945907892319771,-6.017777777854767,0.8550155545542493,10,f1-native
55,44,0.5950036331388184,0.248183142205485,0.0176321325951319,0.855177846288906,10,f1-native
56,44,0.6956064290584311,0.188646295766711,0.1182037736479989,0.8876883112920623,10,f1-native
57,47,0.2401838275484351,1.6800877691612448,-7.018000000394427,0.8876893281678288,10,f1-native
58,46,0.3935403893575904,1.4317033569337334,-7.017999998911975,0.9448582500521594,10,f1-native
59,48,0.5154933344833834,1.098684531085425,-7.0179999994532825,0.9285823311703332,10,f1-native
60,49,0.4773646179809557,1.0980703148971511,-7.002916139031956,0.9941684162284864,10,f1-native
61,47,0.6394722728663607,0.2876192852919806,0.0589268113260897,0.9941684162284864,10,f1-native
62,42,0.6986826341373396,0.264777721613551,0.0370036876236331,1.0092784540070014,10,f1-native
63,46,0.6967040251456831,0.2828926867440812,0.0679900936348028,0.9990221011406633,10,f1-native
64,45,0.6893287489220892,0.2658022402812709,0.0588187364724661,1.008997776916701,10,f1-native
65,47,0.6938300439809909,0.2780336271325981,0.0950417866704324,1.0122443686460578,10,f1-native
66,48,0.7674006926653941,0.2558163593085434,0.1159971830645402,1.0504935261569628,10,f1-native
67,48,0.7595230214739148,0.2476968631797561,0.0950212065772531,1.029038016872596,10,f1-native
68,48,0.7759566769903691,0.2528549692455643,0.1865553273892911,1.1201686439701135,10,f1-native
69,48,0.7280642208464045,0.2933512581885524,0.0707487153025128,1.1197524804729797,10,f1-native
70,48,0.7455183234660001,0.249037910203831,0.1216016865222347,1.1243633648497275,10,f1-native
71,43,0.7784960173995096,0.3077026714069296,0.0256663633927289,1.1243633648497275,10,f1-native
72,46,0.8037655656645483,0.297638462638645,0.0282541512284188,1.1243633648497275,10,f1-native
73,46,0.7832993058123008,0.3107398749115972,0.1271992806985723,1.1243633648497275,10,f1-native
74,48,0.7239381665196195,0.3401580075167744,0.036017410340109,1.1243633648497275,10,f1-native
75,45,0.744893876435788,0.3164872172276889,0.1291949043832495,1.1335155233427998,10,f1-native
76,45,0.7019035054630983,0.3397383372286698,0.0490931030260925,1.1612581838218827,10,f1-native
77,47,0.746549752813809,0.3408638075031679,0.0547432454266001,1.1612581838218827,10,f1-native
78,45,0.5879987189121963,1.4143588562586846,-9.004834771006216,1.261557628628257,10,f1-native
79,49,0.730479706737815,0.3811154956791339,0.0373674613299961,1.267584672016267,10,f1-native
80,49,0.7547687517882143,0.3296213349594833,0.1158010970432762,1.2504509818830951,10,f1-native
81,49,0.7752887049659563,0.3602963891731703,0.016208873784041,1.2663790985443084,10,f1-native
82,48,0.7853206048647096,0.3289063762959208,0.0566348208194031,1.2663790985443084,10,f1-native
83,48,0.7612980206967727,0.3607792037432086,0.0312030243816969,1.26964958274756,10,f1-native
84,43,0.8197362595536579,0.3772474345907564,0.0502574086862935,1.269649582747561,10,f1-native
85,47,0.7478427824561215,0.3763013744674459,0.0495873687000391,1.269649582747561,10,f1-native
86,47,0.6953376841430976,0.4182129741574383,0.0102909476677142,1.26964958274756,10,f1-native
87,45,0.761533239120955,0.3922991322025737,0.1260834650904791,1.2942667815487314,10,f1-native
88,45,0.8466072038603598,0.3729558919835105,0.126383361157513,1.2942667815487297,10,f1-native
89,49,0.7927217609463174,0.4006264913181847,0.1214340918749755,1.2942667815487297,10,f1-native
90,45,0.8173449588479949,0.3867612537318488,0.1719844721224266,1.2993941174579693,10,f1-native
91,44,0.8133189011015078,0.3845057717289314,0.0528234685577452,1.2995021057703453,10,f1-native
92,46,0.8487577103194843,0.3878300742448682,0.11062589072165,1.4228876879877672,10,f1-native
93,43,0.8751079353192093,0.4223723845377414,0.1845646847163719,1.4228876879877672,10,f1-native
94,45,0.8766674393124205,0.4159558831339179,0.216664158724136,1.4228876879877672,10,f1-native
95,46,0.935034515123213,0.463649994286242,0.0433231794151812,1.4229106841737205,10,f1-native
96,49,0.8590201471198378,0.4304201138283923,0.0087674939569494,1.444972632840129,10,f1-native
97,49,0.8366996082557547,0.448990133764327,0.0146316993416676,1.4316621966536174,10,f1-native
98,45,0.8483904369071388,0.4723958823819976,0.0891039810843538,1.444972632840129,10,f1-native
99,47,0.7559196962027137,0.4110563310904906,0.0854287622651326,1.4448905350741084,10,f1-native
100,47,0.7946207402637345,0.4094139318533893,0.1691007884041895,1.489769003945897,10,f1-native
0,50,-1.0099999999999998,0.0,-1.0099999999999998,-1.0099999999999998,2,f1-native
1,44,-0.8505333333330778,0.3653840354117306,-1.0099999999999998,-0.0133333333317374,2,f1-native
2,48,-0.5319000018480815,0.4982240674854861,-1.0150000000428947,-0.0133333332772908,2,f1-native
3,47,-0.352900000070636,0.4731072006351855,-1.0150000000428947,-0.0133333186114765,2,f1-native
4,47,-0.2730666663822065,0.4381862061543027,-1.0150000000428947,-0.013333307716814,2,f1-native
5,46,-0.4125866586665482,0.5284066515454869,-2.0159999999841025,-0.0133333077169197,2,f1-native
6,46,-0.3328666588533137,0.4657978910713568,-1.0150000081579778,-0.0133333077169197,2,f1-native
7,44,-0.1933333222326308,0.3841887579647393,-1.0150000001122883,-0.013333307716814,2,f1-native
8,46,-0.3131333221758775,0.4579541090712448,-1.0150000081579778,-0.0133333013809005,2,f1-native
9,46,-0.1328154397085605,0.3248593391346433,-1.0150000036535485,0.0075607665330539,2,f1-native
10,48,-0.2720766749412481,0.4392537322407684,-1.015000013073313,0.0075607665330539,2,f1-native
11,46,-0.4486039796461554,0.5755315757048841,-2.016000014563064,0.0643323491087082,2,f1-native
12,47,-0.3209740394292607,0.5886150918720687,-2.016000014563064,0.0698446162251508,2,f1-native
13,46,-0.3834198903453846,0.8163416780986932,-3.016666664605956,0.1069076712117976,2,f1-native
14,48,-0.4560502686261853,1.0153398527509296,-3.016666664605956,0.1750057609700109,2,f1-native
15,44,-0.2253662611476296,0.9072922239413478,-4.000296708147647,0.1981564110817258,2,f1-native
16,47,-0.3651058931586262,1.2152853489712363,-4.017142857825052,0.2635169514237482,2,f1-native
17,48,-0.195860372543828,1.1415711139835227,-5.017500000241952,0.4871271985449815,2,f1-native
18,47,-0.1428864102797453,1.1663378191195364,-5.017500000425221,0.4871271985449815,2,f1-native
19,48,0.240766154036635,0.2319952687765869,-1.014999999507421,0.5493494129392745,2,f1-native
20,45,-0.0814702757189323,1.5917918248575127,-7.002586221116012,0.5510053723884961,2,f1-native
21,48,0.1797603281714908,0.8985595760755974,-6.006962433967115,0.5509326040048778,2,f1-native
22,50,0.2212130907719581,0.90278172926126,-6.017777779650106,0.6151774550153246,2,f1-native
23,49,0.2567235679598206,1.0518269695447648,-7.00255887240047,0.73447017718724,2,f1-native
24,45,0.0737285652164508,1.6723648573623098,-9.005349493323035,0.73447017718724,2,f1-native
25,44,0.4154522452783959,0.2058561512714759,0.0451530982228375,0.6793118613538025,2,f1-native
26,45,0.3191616235474776,0.9249822800696416,-6.017777779497127,0.6841854892190111,2,f1-native
27,43,0.4842181851874954,0.1904655746512533,0.0474703651773608,0.7569286333051364,2,f1-native
28,50,-0.2157195739481966,2.383633712326788,-9.005309803436,0.7569286333051364,2,f1-native
29,49,-0.0987125092215054,2.1783821232602305,-9.018333333171702,0.706720046726424,2,f1-native
30,39,0.3353676965673409,1.210548018698063,-8.004103475521832,0.7887681819104364,2,f1-native
31,46,0.3648738200100438,1.2142256870161985,-8.011976788777096,0.7887681819104364,2,f1-native
32,45,0.5290571365596864,0.2213339393514843,0.0190226887160085,0.792216021372098,2,f1-native
33,46,0.2812136531963123,1.3472933919345125,-9.005309196935272,0.8051581074894237,2,f1-native
34,49,0.111266850314998,1.7780897378169034,-9.01833332595869,0.792217396776964,2,f1-native
35,49,0.3544667582877433,1.0759959802132706,-7.018000000145283,0.8697495755414416,2,f1-native
36,46,0.4894673432185603,0.2299449231490986,0.0021996466981293,0.7922173967769648,2,f1-native
37,48,0.303544906665572,1.352813618100234,-9.01833332595869,0.867262769456847,2,f1-native
38,45,0.5960529209258739,0.2338242194576369,0.1577090197732669,0.8927886246168775,2,f1-native
39,44,0.6348958700899577,0.2276226234747629,0.1317357772320083,0.9171381582105608,2,f1-native
40,43,0.5225125303693529,1.2422445181295096,-8.018181907611496,0.920531014770926,2,f1-native
41,44,0.7781124241780608,0.1691894530440841,0.3505567146042986,1.0440428910078714,2,f1-native
42,45,0.7324631233845671,0.2500029797575956,0.0964087090987028,1.0883599645352593,2,f1-native
43,44,0.5306231045883091,1.3947112749566044,-9.018333347802576,1.0883599645352593,2,f1-native
44,44,0.7431461073586008,0.3333274182129921,0.0728367801902035,1.0887754308249789,2,f1-native
45,45,0.5718822623752007,1.546419858894491,-10.018461530350276,1.1110214629369148,2,f1-native
46,47,0.7995735895401538,0.3359930407426296,0.10865527835829,1.1207630081188094,2,f1-native
47,46,0.7674664770282739,0.349398861573146,0.0069613759083883,1.1217927206142049,2,f1-native
48,49,0.8126477939704019,0.3230609458855623,0.0410137882551161,1.1217927206142049,2,f1-native
49,44,0.6487233087776155,1.5534324758658564,-10.0184615012752,1.1585404288553145,2,f1-native
50,45,0.807143677730578,0.3708578916896798,0.0567298096319743,1.164474319518436,2,f1-native
51,46,0.860539241916968,0.2833063153174784,0.1377594627943109,1.1555529290093574,2,f1-native
52,49,0.5216222846192925,1.5527569118731497,-10.0184615295295,1.1585404288553145,2,f1-native
53,48,0.6309142881461922,1.4060610706316898,-9.018333347761368,1.2024810665617698,2,f1-native
54,45,0.8441322203295236,0.3348675520701066,0.1703215436132608,1.203461139482799,2,f1-native
55,47,0.9505488919704383,0.3166724243091122,0.1426956291391945,1.248342740614128,2,f1-native
56,47,0.5508792694385406,1.9761192239355736,-9.018333338106675,1.3162759684822292,2,f1-native
57,48,0.918707764443806,0.2967863905041286,0.2524921974543924,1.3189419890497849,2,f1-native
58,47,0.9429672244301962,0.2853104037901224,0.2707291685983651,1.3189419890497849,2,f1-native
59,44,0.9190283219700044,0.3392208239193539,0.1982859061813976,1.3189419890497849,2,f1-native
60,44,0.8348517087584656,0.3292563584294329,0.250166669474064,1.3189419890497849,2,f1-native
61,47,0.8371330959951719,0.3421306173353819,0.1798082147196263,1.2728836273991713,2,f1-native
62,47,0.8581147961363809,0.3560929843209576,0.0945034652530351,1.2728836273991713,2,f1-native
63,46,0.998345786219304,0.3190638832938458,0.0610829172253937,1.284138584287497,2,f1-native
64,47,0.8469692103847288,1.298556304973564,-8.018181893442144,1.2886580851433604,2,f1-native
65,50,0.8983610773908383,0.3647328618067427,0.0981466087344382,1.2886580851433604,2,f1-native
66,43,0.958812155136284,0.2925302015870479,0.2901344986909652,1.285284268520075,2,f1-native
67,45,0.9535625054945172,0.3415034387101912,0.1291917013586045,1.3506683990548125,2,f1-native
68,45,0.9699483119509926,0.3183143434328341,0.1353752372090255,1.3506683990548125,2,f1-native
69,50,0.9369927417843974,0.3084377103513729,0.2656975775540079,1.3508292005495526,2,f1-native
70,50,0.7062259098025733,1.2909281416975884,-8.01818183525697,1.3508292005495526,2,f1-native
71,46,0.6748180277345047,1.4335805880530172,-9.018333339017762,1.3508292005495526,2,f1-native
72,43,0.9982574475972646,0.3533973835916701,0.2436891010891314,1.3856363888094565,2,f1-native
73,46,0.949780532945441,0.4235696974545903,0.0942506860394754,1.3856363888094565,2,f1-native
74,41,0.6703554332076064,1.4363662602479372,-9.01833332980223,1.3856363888094565,2,f1-native
75,43,1.0119592633112515,0.3583552008023176,0.1448878412097662,1.3856363888094565,2,f1-native
76,48,1.0085975789683834,0.3674198173169559,0.2545118143358651,1.3856363888094565,2,f1-native
77,49,1.0405448326351074,0.3314296730027335,0.2255392488794809,1.3856363888094565,2,f1-native
78,46,0.9016581809444678,0.3606653712306689,0.223190322618194,1.3856363888094565,2,f1-native
79,43,0.723983971514538,1.3080906829912318,-8.007704409855297,1.3856363888094565,2,f1-native
80,42,0.9207173410103316,0.3961191556720921,0.1360290356394597,1.4070910637172576,2,f1-native
81,46,0.9159098698457684,0.3612736682072869,0.2535554978456227,1.4055983068021467,2,f1-native
82,47,0.9713345818765065,0.3887823056131156,0.2688787586841065,1.4055983068021467,2,f1-native
83,48,0.7733014247655174,1.5797528675125554,-10.002376471644068,1.4230891340969016,2,f1-native
84,48,0.6667274556353915,1.44473513576805,-9.01833333663719,1.4510117461819565,2,f1-native
85,45,0.8189279076327287,0.4158267504477397,0.1755695100786709,1.4510117461819565,2,f1-native
86,48,1.039636940908247,0.3440258746279648,0.1709176594875157,1.4510117461819565,2,f1-native
87,45,0.9931125066165886,0.3968319290415893,0.2788262803638645,1.4518585991217448,2,f1-native
88,49,0.7522643601533084,1.5866105772022792,-10.018461515858524,1.4510117461819565,2,f1-native
89,47,0.9905725869615988,0.4049062431614004,0.2248421500557614,1.4582706213536871,2,f1-native
90,47,0.8806055953162911,0.39322631798681,0.1658161036827813,1.451011746181957,2,f1-native
91,43,0.9309316739086256,0.3915438484303187,0.1211493488205287,1.4834876566891286,2,f1-native
92,48,0.7023499575369548,1.582390103523749,-10.01846151200427,1.4842066061469297,2,f1-native
93,45,1.0697417020963622,0.3789635254217098,0.1211446205732544,1.4842066061469277,2,f1-native
94,44,0.8359850475160695,1.4668261519436512,-9.018333355952802,1.4922516210553112,2,f1-native
95,47,0.7640540081993182,1.4505599398710474,-9.018333299146558,1.4922516210553125,2,f1-native
96,46,0.7387949370971143,1.6030865754465466,-10.01846159596766,1.4922516210553125,2,f1-native
97,46,0.5780951947012016,2.2020403969564404,-10.018461536503864,1.4922516210553125,2,f1-native
98,44,0.8727700110840835,0.4343958316024854,0.0363555622264606,1.4950643980823386,2,f1-native
99,47,0.7812672992203118,1.4710177669682418,-9.018333355383632,1.4974602569355198,2,f1-native
100,47,0.8641709728793289,1.4617994113112045,-9.018333354261063,1.498333572802526,2,f1-native
0,50,-1.0099999999999998,0.0,-1.0099999999999998,-1.0099999999999998,3,f1-native
1,49,-0.7907333333329819,0.4128654825330067,-1.0099999999999998,-0.0133333333317374,3,f1-native
2,45,-0.512766666153545,0.4994364173504868,-1.0150000000428947,-0.0133333186114765,3,f1-native
3,47,-0.3732200014061548,0.5199651744235346,-2.0159999999841025,-0.0133333186114765,3,f1-native
4,48,-0.3334533269135843,0.5078104369986217,-2.015999999955496,-0.0133333186114765,3,f1-native
5,46,-0.2532333239503283,0.4269068904443442,-1.0149999997469918,-0.013333307716814,3,f1-native
6,48,-0.2728666616212973,0.4378485351389271,-1.0150000001901438,-0.013333307716814,3,f1-native
7,48,-0.3934399957162947,0.5620921120973691,-2.016000008385824,-0.013333307716814,3,f1-native
8,44,-0.3331533271475374,0.5074090297273182,-2.016000002883355,-0.013333307716814,3,f1-native
9,43,-0.2129666599767773,0.3992679833774089,-1.0150000001892825,-0.013333307716814,3,f1-native
10,49,-0.2131533321484294,0.4470123751737885,-2.0159999952725864,-0.013333307716814,3,f1-native
11,49,-0.3129199842490728,0.4995299801569604,-2.0159999960741053,-0.0133331500988051,3,f1-native
12,44,-0.1532666607026746,0.3468230348068383,-1.014999999955228,-0.013333307716814,3,f1-native
13,46,-0.2331999878371261,0.4139968955562164,-1.0150000001892825,-0.013333307716814,3,f1-native
14,48,-0.3131333216046167,0.4579541057596338,-1.0150000001892825,-0.013333307716814,3,f1-native
15,39,-0.1730999854111622,0.3660727075359981,-1.014999999955228,-0.013333307716814,3,f1-native
16,44,-0.2330999865522871,0.4138086024123364,-1.0150000001892825,-0.013333307716814,3,f1-native
17,49,-0.3933666535461391,0.4854311370782375,-1.0150000001892825,-0.0133332181547582,3,f1-native
18,47,-0.2933999846866766,0.4491073957835478,-1.0150001770012755,-0.0133332181547582,3,f1-native
19,46,-0.2530945860768845,0.4710569046836906,-2.0097301871685223,-0.0133331908616269,3,f1-native
20,48,-0.2329999592563907,0.4136202231102228,-1.0150000880894956,-0.0133330632090003,3,f1-native
21,48,-0.2323043996865116,0.4144955763245204,-1.015000177661807,0.0123400013084894,3,f1-native
22,45,-0.2647109808111862,0.4437901271054008,-1.0150002474342616,0.0794909996307954,3,f1-native
23,45,-0.1888561390305013,0.5381993565037859,-3.0100786741499004,0.1323754431917156,3,f1-native
24,44,-0.144843246607875,0.636371337653779,-3.0104586799742417,0.1323754431917156,3,f1-native
25,47,-0.4357359052515825,1.160933856779908,-4.0171428782461245,0.1454780880696769,3,f1-native
26,46,-0.0841115887002043,0.6967418272256075,-4.014088696147323,0.1920728127914728,3,f1-native
27,47,0.0301439115803477,0.4194047919079957,-2.0160000189609937,0.2427606863250678,3,f1-native
28,47,-0.0056048279534972,0.5726145941316949,-3.016666666352634,0.3485591589235403,3,f1-native
29,47,-0.2609478862319714,1.2458498345344384,-5.013661275762509,0.4926772092252028,3,f1-native
30,47,0.0204565742313357,0.9925141619050502,-5.017500021697831,0.5741912042803752,3,f1-native
31,45,0.1882706913659713,0.6962236481207554,-4.017142857485283,0.6258683712523472,3,f1-native
32,48,0.1373601824129873,0.8576448223151811,-4.017142857572526,0.574191204280375,3,f1-native
33,44,0.2817423109856456,0.6257624725657548,-4.017142857386099,0.574191204280375,3,f1-native
34,48,0.3815832627968497,0.1453900039295105,0.0639218261674734,0.5887732638084375,3,f1-native
35,46,0.3403713868812677,0.5023521732684647,-3.016666666592489,0.5887732638084376,3,f1-native
36,44,0.330637058310299,0.637113882385368,-4.017142856992947,0.6240968338892199,3,f1-native
37,47,0.3431358572307253,0.639917456401972,-4.017142856884749,0.692221614932479,3,f1-native
38,44,0.293761791585244,0.8906710011418388,-4.017142856884749,0.6384572555738688,3,f1-native
39,47,0.4228865302860189,0.1718087784163282,0.0511552599590933,0.6435708349362234,3,f1-native
40,47,0.2014621146006893,0.9167555147544036,-4.017142856541964,0.6435708349362234,3,f1-native
41,45,0.3522017398233084,0.700072171473259,-3.016666666592489,0.6435708349362234,3,f1-native
42,46,0.1278923938235574,1.019678663589473,-4.008465745905223,0.6671501395186032,3,f1-native
43,43,0.312999794887655,0.643593747261253,-4.017142857677695,0.6435708349362234,3,f1-native
44,46,0.4223434383939697,0.5097517649242261,-3.0166666663045127,0.6686363304175018,3,f1-native
45,45,0.4192507684046084,0.5103805148352293,-3.0166666663045127,0.6435708349362234,3,f1-native
46,46,0.4360863691079473,0.3848905488784883,-2.016000000294893,0.6435708349362234,3,f1-native
47,46,0.4418309652339818,0.5150873041836007,-3.0166666663045127,0.6875353168876459,3,f1-native
48,47,0.4736897353784087,0.1674502074635796,0.1443164449925646,0.6985903787474269,3,f1-native
49,46,0.3596485274413539,0.5129281173321946,-3.0166666664416515,0.7068615592278984,3,f1-native
50,49,0.3354619260093178,0.7093692243004538,-3.0166666668605493,0.7476229342197391,3,f1-native
51,47,0.4299264748535634,0.8025723429073363,-5.0175000019580045,0.8634523264140118,3,f1-native
52,48,0.5371017738316787,0.1727126981248449,0.0464635534548091,0.8432069751117506,3,f1-native
53,47,0.5617939399318107,0.1524786476130353,0.2264907823363906,0.8429511459924608,3,f1-native
54,45,0.5483198634098977,0.2008177278773131,0.0229248501944339,0.8429511459924608,3,f1-native
55,45,0.5318868595040009,0.1973910466664046,0.0102101990229161,0.8429511459924601,3,f1-native
56,46,0.5296688955500798,0.1984019212439965,0.0042762036863149,0.8429511459924601,3,f1-native
57,47,0.5578515454469101,0.1900930650512077,0.0096282724279021,0.8218057547565639,3,f1-native
58,46,0.6171562124076082,0.1501183042581369,0.2283828163658242,0.8358634519269111,3,f1-native
59,45,0.6012407806190656,0.1708097022359878,0.0887801836162129,0.8358634519269111,3,f1-native
60,47,0.6145532446851426,0.1889959028030064,0.0713100326864309,0.8358634519269111,3,f1-native
61,45,0.6288718991827175,0.2015978968273802,0.0617758057246302,0.8358634519269111,3,f1-native
62,48,0.4766676591887354,0.8181475015681062,-5.017500000843912,0.9286997723956728,3,f1-native
63,48,0.6068674797223333,0.2019310373361361,0.0126129384163459,0.9340496725253586,3,f1-native
64,45,0.6496279874955866,0.1811113458757268,0.2308764022840937,0.9340496725253586,3,f1-native
65,45,0.6473506134145589,0.2152589315406633,0.0676035126869603,0.8996091197993917,3,f1-native
66,43,0.6092262678909289,0.2352585152411497,0.0071751601940676,0.8934267043286478,3,f1-native
67,45,0.6441901947415221,0.1737291256492585,0.2377327548515344,0.8996091197993917,3,f1-native
68,48,0.5743478454376134,0.2084198353546823,0.2152273686857936,0.8996091197993917,3,f1-native
69,47,0.6474000523284714,0.1921414209291942,0.0711760091414276,0.8996914760909903,3,f1-native
70,45,0.7332672835352085,0.1666238118947236,0.2239806705659849,0.8996914760909903,3,f1-native
71,45,0.6462010426896834,0.2276158091414236,0.0714374854013858,0.9353453703739532,3,f1-native
72,45,0.609532866780009,0.2244668055696315,0.0679512452551913,0.9897813657517596,3,f1-native
73,45,0.6280936701499135,0.2260746223953788,0.1166090016032431,0.9897813657517596,3,f1-native
74,44,0.6469914234251466,0.1944139475025073,0.2625411118132282,0.9848227692609368,3,f1-native
75,48,0.6474380087103314,0.2121111836873657,0.0211547964889344,0.9848227692609368,3,f1-native
76,48,0.6778468417082485,0.223019985037056,0.0194816026232373,0.9848227692609368,3,f1-native
77,46,0.6944147167408131,0.2327343214931413,0.1042584566778283,0.9848227692609368,3,f1-native
78,43,0.693713479970179,0.2038962225443512,0.1769342632045491,0.9848227692609368,3,f1-native
79,47,0.6739834627871172,0.2020831827454319,0.1693038532746614,0.9848227692609368,3,f1-native
80,47,0.6695717147697772,0.2460386786961845,0.0914683208597864,0.9891680684405224,3,f1-native
81,47,0.6845319841855358,0.2439545262357148,0.2052781793533799,0.9891680684405224,3,f1-native
82,43,0.7355706521545079,0.237792191668851,0.0698077011656388,0.9891680684405224,3,f1-native
83,45,0.6219807350749457,0.7064724803101713,-4.01714285455086,1.0439229190549593,3,f1-native
84,50,0.687698272493768,0.2676101615101997,0.0388173559748213,1.111138997281338,3,f1-native
85,43,0.7164824390000589,0.2608277995437975,0.0283583083971161,1.111138997281338,3,f1-native
86,50,0.6989192092512659,0.272298888966439,0.0681442516319533,1.111138997281338,3,f1-native
87,47,0.7104898111971084,0.3073068229185344,0.0193253075568016,1.111138997281338,3,f1-native
88,47,0.7207685038083119,0.2607278095906032,0.038595126307134,1.0549686683662791,3,f1-native
89,45,0.7282612542606227,0.292806777423949,0.1380728926617807,1.0552029414339823,3,f1-native
90,48,0.8013644181582604,0.2679773240623964,0.0389606233270525,1.0598171253849953,3,f1-native
91,45,0.7757524922664438,0.2753738759524465,0.0386754284775945,1.1163031829078072,3,f1-native
92,45,0.7611979965908721,0.3060092481733258,0.019409379913497,1.1163031829078072,3,f1-native
93,46,0.7968261784085923,0.2704519758941974,0.1392026939214978,1.1163031829078072,3,f1-native
94,49,0.749227137001262,0.3031331220341935,0.1392026939214976,1.1163031829078092,3,f1-native
95,48,0.7926690920942463,0.3108539753394876,0.0217649843560821,1.118670508911487,3,f1-native
96,49,0.7605009987583119,0.2941658273768848,0.0796764448564954,1.13515919371986,3,f1-native
97,46,0.8137889096846804,0.2597918701857327,0.3010605479033651,1.13515919371986,3,f1-native
98,47,0.8643225125320326,0.2680704912994678,0.0517125356623528,1.1352610724441126,3,f1-native
99,47,0.7837997866953427,0.2673994325340559,0.2441992597487711,1.1352610724441126,3,f1-native
100,47,0.8230202710080239,0.264287186201262,0.1795014322935605,1.1352610724441126,3,f1-native
0,50,-1.0099999999999998,0.0,-1.0099999999999998,-1.0099999999999998,4,f1-native
1,48,-0.8305999999997126,0.3829068293990973,-1.0099999999999998,-0.0133333333317374,4,f1-native
2,42,-0.4321333344256571,0.4921492582762267,-1.0150000000428947,-0.0133333186114765,4,f1-native
3,48,-0.2930999964804366,0.4486266712658295,-1.0150000000428947,-0.0133333186114765,4,f1-native
4,46,-0.1733999909034817,0.3667598325000902,-1.0150000055629216,-0.0133333163667674,4,f1-native
5,43,-0.2929866588662959,0.4911308298599213,-2.0159999999841025,-0.0133333163667674,4,f1-native
6,43,-0.4129866592564079,0.5288604352009868,-2.0159999997741336,-0.0133333163667674,4,f1-native
7,44,-0.313033320075134,0.4578013583036286,-1.0150000001901438,-0.0133331845441052,4,f1-native
8,43,-0.2732666572958359,0.4385235324086007,-1.0150000033071358,-0.0133331845441052,4,f1-native
9,47,-0.3528999776062242,0.4731072145115991,-1.015000008051883,-0.0133331845441052,4,f1-native
10,48,-0.2929999624943667,0.4484662979247951,-1.015000000150202,-0.0133330780476971,4,f1-native
11,42,-0.2131665925384626,0.3996682557103199,-1.0150000348623676,-0.0133330780476971,4,f1-native
12,45,-0.3102113225421246,0.4601416149437792,-1.0150000348623676,0.0955645115211916,4,f1-native
13,47,-0.183250849494706,0.3896565024093309,-1.0150000348623676,0.1195887268454521,4,f1-native
14,45,-0.3043992553406964,0.6628013492019766,-3.016666664769359,0.1414708044169637,4,f1-native
15,45,-0.311234908546102,0.7481453673464722,-3.016666637702372,0.1791709232705274,4,f1-native
16,47,-0.4979307667940532,1.009414360031753,-3.016666682717558,0.2191276411481131,4,f1-native
17,46,-0.3134583682520869,0.8529025558370443,-3.01666666441044,0.2105132825196239,4,f1-native
18,46,-0.1159867033940851,0.5926104137964291,-2.016000022210249,0.287647997245248,4,f1-native
19,47,-0.1176829969033906,0.6767212404666135,-3.016666671650396,0.3158828755791957,4,f1-native
20,46,0.1397844417156425,0.1842816196224049,-1.0150000458680506,0.3158828755791957,4,f1-native
21,45,-0.0362061847895533,0.6033501843379636,-2.015999998760313,0.3158828755791964,4,f1-native
22,44,0.0682458285536708,0.6609813151877225,-3.016666669090758,0.4256398674461535,4,f1-native
23,45,-0.0532116833404028,0.8676201074716935,-3.0166666690907675,0.3822362694695804,4,f1-native
24,47,0.0051453588344108,1.020799073074152,-4.017142885389233,0.3822362694695804,4,f1-native
25,47,-0.2642404225082249,1.4249984589290905,-5.01749999620096,0.3947971076592811,4,f1-native
26,48,0.2072747134330308,0.6090471427298657,-4.017142857400227,0.4689571290316136,4,f1-native
27,45,0.0235241262893187,1.004541949851391,-4.017142857470157,0.6237560244081309,4,f1-native
28,46,0.0672883769576322,1.003440267358716,-4.017142857401382,0.8262453579549792,4,f1-native
29,44,0.4304470597189857,0.2110600348932974,0.0307162329582927,0.8262453579549792,4,f1-native
30,43,0.3997400312890279,0.8043930528995737,-5.017499999835302,0.883153071070624,4,f1-native
31,45,0.3652765570971151,1.229350591149556,-6.017777780617962,1.184989813025377,4,f1-native
32,47,0.4004493076061252,1.0406910499840636,-5.017500000268475,1.1492517018641342,4,f1-native
33,47,0.3705547679491319,1.054786224967609,-5.017500001211266,1.2543632446602055,4,f1-native
34,46,0.3390854778444235,1.5582799015254871,-8.018181818564207,1.2543632446602055,4,f1-native
35,46,0.357303808212146,1.5587987989212475,-7.017999994738902,1.2961657975497056,4,f1-native
36,47,0.6202884425281822,0.665388985435421,-3.016666664048261,1.2851878689071654,4,f1-native
37,43,0.7521632272012861,0.3955926263375774,0.0753209042697942,1.2543632446602055,4,f1-native
38,45,0.7263895382652631,0.4168799187016755,0.0264301057807713,1.2633783982987867,4,f1-native
39,49,0.7443340423290857,0.4587424416243817,0.0207040606425098,1.333003571547671,4,f1-native
40,46,0.8637965726056704,0.4400045053461974,0.052664343268753,1.3637317154477893,4,f1-native
41,46,0.686679415461096,0.8137796874587979,-4.017142857010356,1.3651124208098528,4,f1-native
42,45,0.8079052016120533,0.939232338630048,-5.017499999971227,1.3985840851351137,4,f1-native
43,47,0.6763359018139985,1.072621471719082,-6.017777781151599,1.3985840851351137,4,f1-native
44,46,0.8339264426536588,0.9650182553218204,-5.017499999925618,1.405089435820365,4,f1-native
45,45,0.9364723857440876,0.8535349438281994,-4.013703523800831,1.6213126011463694,4,f1-native
46,46,0.6010866353127488,1.3533151257963234,-5.014440122134587,1.6213126011463694,4,f1-native
47,43,0.7802147186279985,1.105417918892715,-6.010951654169574,1.6213126011463694,4,f1-native
48,46,0.7905722411383586,0.9962638500662512,-5.014188344806998,1.6229915654957645,4,f1-native
49,46,0.5877015775091345,1.553491743674709,-7.013375705094797,1.6656917646166334,4,f1-native
50,46,0.8195207581380682,1.0069420160093834,-5.010466516917217,1.6668707159557947,4,f1-native
51,49,0.9554040468128356,1.0242739110503118,-5.010466516917217,1.7049589566619845,4,f1-native
52,45,1.0782574403902991,0.608054706192383,0.0027598186659035,1.704958956661984,4,f1-native
53,47,0.8530899210229629,0.6122120657618983,0.0025990120068455,1.7107669942618933,4,f1-native
54,46,0.4769467776893784,1.8719232784483224,-6.013641828627909,1.6791701364338885,4,f1-native
55,45,1.0842562530226576,0.6398700361488234,0.0791078750774529,1.8050328307558023,4,f1-native
56,47,1.0267455747370176,0.6565539712572434,0.0605599995008637,1.8050328307558023,4,f1-native
57,47,0.5288096164506736,1.2068813030800345,-5.015679705642266,1.8050328307558032,4,f1-native
58,46,0.9099765652518996,1.137124283993393,-6.003509063537402,1.7304043158049256,4,f1-native
59,46,0.9457300831800136,1.0500107090520638,-5.002881517042603,1.7304043158049256,4,f1-native
60,48,1.0713430623593414,1.0306263879417208,-5.002443601841559,1.7495336130515098,4,f1-native
61,48,0.7673054118802131,1.1698194641562083,-6.017777777804872,1.7503995790249192,4,f1-native
62,46,1.1335370140824017,0.6196389603184123,0.0787590091905096,1.7639371641635095,4,f1-native
63,49,0.971371221224236,0.6824809648540057,0.0270370748493848,1.7654672755775798,4,f1-native
64,47,1.1505679390910013,0.6842273829242266,0.0104732748766689,1.8268119072581843,4,f1-native
65,44,0.9565902118683998,0.716763160368029,0.0153313923988843,1.7986262431963838,4,f1-native
66,48,1.0779684901422717,0.698889171562268,0.0153313923988843,1.877329338434122,4,f1-native
67,45,1.0404589709476846,0.6561392740978255,0.1091352837145837,1.7986262431963893,4,f1-native
68,47,1.117572688240554,0.7008795648980194,0.0230382005934207,1.8147232757706129,4,f1-native
69,49,1.1058868374280413,0.7227995860494106,0.0025966523146743,1.814723275770616,4,f1-native
70,48,0.9792196845483844,0.7636436575751904,0.0256146617020043,1.8147232757706129,4,f1-native
71,43,1.18642152138483,0.6851219379240105,0.0370954504715448,1.8148294112028245,4,f1-native
72,49,1.0057563170658237,0.7237986668743339,0.0001628435354445,1.8642505516268248,4,f1-native
73,46,1.1307037818960024,0.7404686969309238,0.0154053239184061,1.918962662429029,4,f1-native
74,45,1.0579507782174873,0.7169005594966736,0.0151158962359381,1.8642505516268248,4,f1-native
75,47,1.0054593552957762,0.717219260633694,0.0153313923988842,1.864250551626825,4,f1-native
76,43,1.1364729402139149,0.7254293289354331,0.0006310358790475,1.921102687453456,4,f1-native
77,45,1.2894597737660678,0.6951982646785623,0.0246228849051359,1.921102687453456,4,f1-native
78,47,1.1168114811688354,0.7381979747419549,0.0229622623931809,1.9828627878532177,4,f1-native
79,44,1.3113237657109742,0.7181374459859685,0.0561594850702572,2.0224005607079767,4,f1-native
80,47,1.2662372475388095,0.7836288804681569,0.0022193833899943,2.0224005607079767,4,f1-native
81,45,1.1847160930936838,0.8192948140253489,0.0358770978626148,2.0224005607079767,4,f1-native
82,48,1.1422191993989843,1.6083804002866915,-6.013138215230415,2.0854516336003543,4,f1-native
83,47,0.9589698537281742,1.1885212285348394,-5.000656485241184,2.0854516336003543,4,f1-native
84,45,0.8033213932346304,1.6111626588532562,-6.013313718957408,2.0854516336003543,4,f1-native
85,44,0.6948663698007668,1.7380172948393466,-6.004034575892199,2.0854516336003543,4,f1-native
86,45,1.2295564968886417,0.8222308321340974,0.0081895314865338,2.1107199394739538,4,f1-native
87,45,1.3215555411977156,0.847368533424528,0.0095130927193346,2.1225593372657867,4,f1-native
88,46,1.0866970532539129,1.5136611164468143,-5.01213981153716,2.1225593372657867,4,f1-native
89,45,0.9918492019070853,1.6696457363149502,-7.014628112683599,2.130234306295538,4,f1-native
90,48,0.7775230475651598,1.1449698057081164,-5.011623881445924,2.1306364020239386,4,f1-native
91,49,0.870119764627079,1.0563577665222574,-4.010068884015931,2.122559337265788,4,f1-native
92,47,0.9944507099639478,1.4786431563000917,-5.012795480031839,2.1640476995945392,4,f1-native
93,48,1.106071930344705,1.2305377151462056,-5.013591456958016,2.1640476995945392,4,f1-native
94,48,1.0019451693192347,1.2286610843616574,-5.0113017740906045,2.164047699594536,4,f1-native
95,48,1.046204817667529,1.6732255899920885,-6.014067323564655,2.164047699594536,4,f1-native
96,47,1.247621682323757,1.2327212811770043,-5.006754732111486,2.164047699594536,4,f1-native
97,46,1.148240793766027,0.9043828142982449,0.1054991186671635,2.169108111252996,4,f1-native
98,48,0.7200499005667842,1.5281500916629929,-6.0128774960098985,2.173050567220756,4,f1-native
99,47,1.1049455961510914,1.5936871695281734,-6.012047675388531,2.173050567220756,4,f1-native
100,49,0.9059394350355616,1.1766788378582806,-5.0122411538234175,2.155295351838315,4,f1-native
0,50,-1.0099999999999998,0.0,-1.0099999999999998,-1.0099999999999998,5,f1-native
1,47,-0.8106666666663473,0.3986666666673049,-1.0099999999999998,-0.0133333333317374,5,f1-native
2,48,-0.6119333322882785,0.4887573098462241,-1.0150000000428947,-0.0133333186114765,5,f1-native
3,45,-0.3532866642748688,0.5142441446662425,-2.0159999999841025,-0.0133333186114765,5,f1-native
4,48,-0.273466661156349,0.4388605002703553,-1.0150000000428947,-0.0133333165346047,5,f1-native
5,45,-0.2931999946894551,0.4487869904161229,-1.015000024143896,-0.013333307716814,5,f1-native
6,47,-0.253333326314654,0.4270846938393732,-1.015000024143896,-0.013333307716814,5,f1-native
7,47,-0.1930333227757174,0.3835484486239638,-1.0149999887474397,-0.013333307716814,5,f1-native
8,48,-0.2731666549665948,0.4383549151195605,-1.0150000001901438,-0.0133331848191768,5,f1-native
9,45,-0.3528999853758671,0.473107209623292,-1.0150000001122883,-0.0133331845441052,5,f1-native
10,49,-0.3514378891541526,0.4742593969938432,-1.0150000035116378,0.0576002331019124,5,f1-native
11,43,-0.2914506761378545,0.4495409774139999,-1.0150000347984978,0.0576002331019123,5,f1-native
12,45,-0.3294607255109241,0.5103237377359634,-2.01600002000073,0.0495865164005527,5,f1-native
13,47,-0.4633338539550622,0.6766734636140073,-2.0160000220591545,0.0744000832799844,5,f1-native
14,46,-0.2867706810819935,0.6544821193074322,-3.016666692290484,0.1330403419424524,5,f1-native
15,43,-0.4412590074949328,0.950533035282839,-4.017142861449889,0.1688769533605574,5,f1-native
16,46,-0.404454603522868,1.0378805453541569,-4.017142850972648,0.1699498562932092,5,f1-native
17,49,-0.005587930759194,0.301135376077041,-1.0150000033071358,0.1774646951737496,5,f1-native
18,46,-0.1037751426839,0.6397187330757879,-3.0166666640828352,0.2521560834565982,5,f1-native
19,48,-0.1798629551297403,1.1032172704125096,-5.017500003151175,0.2776506537247081,5,f1-native
20,46,0.1517230569947215,0.1820988753824705,-1.0099999999999998,0.2816918018818834,5,f1-native
21,44,0.0125210947353879,0.5231204094217363,-3.0166666662495096,0.4350499686486594,5,f1-native
22,45,0.1682581180892782,0.2011851991315294,-1.0149995348086722,0.4350499686486598,5,f1-native
23,46,0.1455343443561116,0.4661572083492455,-3.0166666665682524,0.4350499686486598,5,f1-native
24,48,0.0677004088479358,0.7156991454404297,-3.0166666665682524,0.4350499686486596,5,f1-native
25,47,0.2167300982698393,0.4785249563987237,-3.0166666665682524,0.4537798800569291,5,f1-native
26,47,0.3091176618206491,0.1459179725968698,0.0053397639831476,0.4787821377439137,5,f1-native
27,46,0.332877306222602,0.1617263655573716,0.003587727887172,0.5795825766585495,5,f1-native
28,49,0.333950945104801,0.166110948422717,0.003587727887172,0.5795825766585495,5,f1-native
29,48,0.3116670069534509,0.1984075767195196,0.0033791916618414,0.8756736684998082,5,f1-native
30,49,0.2574809753961282,0.6458858511338469,-4.017142855284829,0.8756763781225216,5,f1-native
31,47,0.0916464821078592,0.9170761745023828,-3.0166666664110644,0.8795159730539613,5,f1-native
32,45,0.2682040724872697,0.7626470263879465,-4.017142856611666,0.8795159730539613,5,f1-native
33,47,0.029859520997972,1.2647495024795004,-5.017499999597061,0.934179952161496,5,f1-native
34,46,0.1747866537253461,1.0891488095148092,-4.004158543359916,0.934179952161496,5,f1-native
35,46,0.3753083588528808,0.7227990243250553,-4.017142858968292,1.212051084587116,5,f1-native
36,43,0.2861837683392029,0.935189098373823,-4.017142857616687,1.212051084587116,5,f1-native
37,49,0.3738271236653443,0.6093879206445522,-3.0166666698324383,1.0483367497779397,5,f1-native
38,45,0.4822573603894496,0.7237336347041795,-4.0171428567677925,1.0483367497779397,5,f1-native
39,47,0.4318491925362964,1.1816787131756044,-5.017500049601141,1.0610539010529645,5,f1-native
40,47,0.6512019094394949,0.3531794855774602,0.0222671263263106,1.0483367497779406,5,f1-native
41,47,0.0994753023426831,1.4863635532252228,-5.017500002301094,1.067847851474243,5,f1-native
42,48,0.6617685097840571,0.3705054667740969,0.0782667804436724,1.1254766609271083,5,f1-native
43,48,0.523097552529836,0.878579270122056,-5.017499999585511,1.1586655587403325,5,f1-native
44,49,0.494244021929037,1.012666040848987,-6.017777749466977,1.203276637760194,5,f1-native
45,48,0.4278105364979926,1.0085868003957046,-5.017499999903289,1.203276637760194,5,f1-native
46,47,0.5026228069763976,1.013110373488043,-6.017777778805283,1.203276637760194,5,f1-native
47,44,0.7211547957405948,0.4193041543643129,0.0364255691058741,1.203276637760194,5,f1-native
48,46,0.5744609975800435,1.202544833926242,-5.017500000014215,1.3443888931384973,5,f1-native
49,48,0.3715674125708994,1.351072437740515,-5.017500095210186,1.3443888931384973,5,f1-native
50,46,0.7285692240433843,0.4248636107232134,0.0418151687829682,1.3443888931384973,5,f1-native
51,44,0.5357603902252821,1.5205291298883867,-9.018333333275717,1.3443888931384973,5,f1-native
52,46,0.5601025492612522,1.1211830454089826,-5.017500001586186,1.3443888931384973,5,f1-native
53,47,0.6324239033353827,1.2467109184847207,-6.017777780473845,1.3558913794946803,5,f1-native
54,46,0.5719497791198108,1.6410779015358556,-6.017777780588539,1.4708040769793362,5,f1-native
55,47,0.6087028609252405,1.1644859075268368,-5.017500000378198,1.4863294137161993,5,f1-native
56,49,0.5785319287342624,1.2542150590649177,-5.017499999991419,1.4863294137161993,5,f1-native
57,47,0.4434889642236772,1.2381813816854668,-4.017142857227287,1.470852593192728,5,f1-native
58,43,0.3734863084996987,1.6985170298414387,-7.017999999481035,1.5272779830001235,5,f1-native
59,47,0.9201562489366646,0.5015684653870711,0.1496876589348167,1.5272779830001235,5,f1-native
60,47,0.624798348303264,1.188385250321286,-5.017499981470061,1.5272779830001235,5,f1-native
61,48,0.7755786907792138,1.1296752814715056,-6.017777776664355,1.5289431748359883,5,f1-native
62,43,0.5514584922625793,1.8345655737723008,-7.018000000104456,1.5296180092018357,5,f1-native
63,44,0.7505844096653569,1.1294904353905744,-4.017142857139061,1.5298236789002673,5,f1-native
64,48,1.0234388343256489,0.5517103773943517,0.1574443051634732,1.5424277795376098,5,f1-native
65,47,0.8699747049954359,1.138505468995974,-4.01714285822961,1.580849236284639,5,f1-native
66,47,0.8693280107279064,0.8957263539995143,-4.010324088608034,1.5548034848009284,5,f1-native
67,47,1.0008275759004994,0.5616183921262372,0.1145866412911021,1.5708575217100285,5,f1-native
68,47,0.7079076050417017,1.3969244876645828,-5.001591288951287,1.5708806555717352,5,f1-native
69,48,1.0561009102247474,0.5944084041753251,0.0010459866221107,1.5708806555717378,5,f1-native
70,46,0.9067420291860746,0.9043601318249376,-4.017142857002494,1.5708806555717378,5,f1-native
71,49,0.8195982219973069,0.9080023377974414,-4.010266331412356,1.5708806555717387,5,f1-native
72,46,0.8631707874723231,1.2196101944652602,-5.0174999997315615,1.5729853933073612,5,f1-native
73,42,0.9071454239850112,0.9239972775923324,-4.009735225423355,1.5729853933073603,5,f1-native
74,46,0.8240305309471684,1.4133833027933114,-5.011428930239503,1.570880655571747,5,f1-native
75,47,0.953682493303749,0.8917862650576027,-4.010262775883921,1.5868688678812457,5,f1-native
76,46,0.9734466846141416,0.598434720570577,0.0773348737138922,1.5868688678812457,5,f1-native
77,47,0.7000538336092597,1.4062414600415774,-5.006297143605675,1.586868867881247,5,f1-native
78,46,0.7876320448418096,1.3137704895725988,-5.017220613681412,1.597190429311716,5,f1-native
79,43,0.8985653610208609,1.223646642669412,-5.017500000723998,1.655609641430428,5,f1-native
80,47,0.8729314206475352,1.1499438690989712,-4.010312251245877,1.6298622751577727,5,f1-native
81,48,0.7515668904238284,1.1409352543014686,-4.004479464663926,1.5881980710395316,5,f1-native
82,45,1.0247605200064032,0.5868658959886742,0.0675419734735605,1.588198071039532,5,f1-native
83,45,0.8830007784347299,1.234437677950456,-5.0063542827318805,1.601883801123284,5,f1-native
84,47,1.0467481259263165,0.8908748879134495,-4.009732991555856,1.601883801123284,5,f1-native
85,49,1.002868004472784,0.9120730288363892,-4.01024186284102,1.6085952409138673,5,f1-native
86,44,0.8947151865524254,1.4959178304518317,-5.017500000249823,1.6085952409138673,5,f1-native
87,44,1.088769265328977,0.8966366205401808,-4.009897290436116,1.6085952409138673,5,f1-native
88,44,1.103799744655834,0.923420216931647,-4.010228672315368,1.608591989592098,5,f1-native
89,48,0.9502306202446468,1.0179861110509243,-5.011406394119656,1.6324369540435282,5,f1-native
90,43,1.0641692135639829,0.9312265840063992,-4.01024186284102,1.8417306946397225,5,f1-native
91,46,1.076279961104929,0.9341966432832536,-4.010077366637769,1.8417306946397225,5,f1-native
92,44,1.1365308324374592,0.924359387463105,-4.010371447601345,1.841867629788108,5,f1-native
93,45,0.942272806919584,0.8484020210058907,-3.0017458403073136,1.841867629788108,5,f1-native
94,45,0.8528545224182197,1.40535840382443,-6.017777780571845,1.841867629788108,5,f1-native
95,45,1.0122313716074127,0.6673738018369644,0.0074719275173686,1.841867629788108,5,f1-native
96,45,0.9773937418740154,0.980718675356972,-4.010091169597552,1.841867629788108,5,f1-native
97,47,0.6125007097550431,1.4621898004762717,-6.014005168810572,1.8418676297881085,5,f1-native
98,47,0.883666095204955,1.0513230847628945,-3.0166666754506903,1.841867629788112,5,f1-native
99,46,0.8354481250010434,1.2144114342240704,-3.0085555402194024,1.841867629788112,5,f1-native
100,45,0.6886677420980718,1.3851583139530772,-4.010237537234924,1.841867629788112,5,f1-native
0,50,-1.0099999999999998,0.0,-1.0099999999999998,-1.0099999999999998,6,f1-native
1,45,-0.8903999999998082,0.3238783310653388,-1.0099999999999998,-0.0133333333317374,6,f1-native
2,45,-0.5515333333364058,0.4967361069991717,-1.0099999999999998,-0.0133333333213103,6,f1-native
3,43,-0.2933866675637561,0.4917163191801432,-2.0159999999841025,-0.0133333186114765,6,f1-native
4,45,-0.312933332158284,0.4576485262506354,-1.0150000000428947,-0.0133333186114765,6,f1-native
5,44,-0.2930000038165817,0.4484662711949847,-1.0150000000089396,-0.0133333186114765,6,f1-native
6,44,-0.4126866614602251,0.5285201601872982,-2.01600000002194,-0.0133333163667674,6,f1-native
7,45,-0.3328666579473818,0.4657978907855004,-1.0150000000428947,-0.0133331848191768,6,f1-native
8,48,-0.3133333260208015,0.4582594025787559,-1.015000127247013,-0.0133331848191768,6,f1-native
9,43,-0.3330022905353079,0.5073074242230299,-2.0159999999841025,-0.0107825359440389,6,f1-native
10,45,-0.2121021355314774,0.4002694620509038,-1.015000024143896,0.0398904547152007,6,f1-native
11,47,-0.184746652088307,0.3889784722390081,-1.0150000347984978,0.1652447472119749,6,f1-native
12,47,-0.2142266396765458,0.4712082805695333,-2.0160000151968736,0.1652447472119749,6,f1-native
13,45,-0.1358450969351418,0.5021878906494665,-2.0159999999841025,0.1721100797207174,6,f1-native
14,48,-0.2392633242647445,0.6475516122986628,-2.0160002072220187,0.2073076612813561,6,f1-native
15,46,0.0198496884192765,0.3693349184713357,-2.0143966602581127,0.2094534083288406,6,f1-native
16,48,-0.0378095518581381,0.5150286543847146,-2.0160001011075144,0.2729586176282437,6,f1-native
17,46,-0.0081548344122008,0.4989256050044235,-2.016000055158826,0.2798040368795061,6,f1-native
18,47,-0.0871557158447853,0.5468614290810465,-2.016000000208562,0.2669314272543074,6,f1-native
19,48,-0.1136467451152373,0.812024370182969,-4.017142851455795,0.2669314272543074,6,f1-native
20,44,-0.0117438044940653,0.7625215157034118,-4.017142849603641,0.3231156774688231,6,f1-native
21,45,-0.1541134425546814,0.9935988922324028,-4.017142860429639,0.3231156774688231,6,f1-native
22,46,-0.0547083634754641,0.8787260225704333,-5.017500173538311,0.3231415536438628,6,f1-native
23,46,0.1125463044781401,0.3668286359519903,-2.0160000315895426,0.3882960469472727,6,f1-native
24,47,-0.0199574928246748,0.8278284189309562,-4.017142850276307,0.4021489074425839,6,f1-native
25,47,-0.1544909409565228,0.9272609801891148,-3.0166668298398904,0.451508788928519,6,f1-native
26,46,-0.207914996923736,1.0861206143867723,-5.017499937739927,0.451508788928519,6,f1-native
27,48,0.1694164601248379,0.5098268857791088,-3.0166666524826846,0.4961839153450207,6,f1-native
28,44,0.0361660790362009,0.8772512911293252,-4.017142856940637,0.4961839153450207,6,f1-native
29,46,0.2164541694774626,0.5203382487195789,-3.0003679607490343,0.5088607721748247,6,f1-native
30,46,0.2696321272704814,0.3068159239322187,-1.0150000705601263,0.5088607721748247,6,f1-native
31,47,0.1902382501314592,0.514081049097435,-2.016000000050996,0.6096230853383215,6,f1-native
32,45,0.1762325370608569,0.5087227905846041,-2.016000000158249,0.6096230853383215,6,f1-native
33,47,0.2549035982037331,0.5327915003690677,-2.015999999863347,0.6096230853383219,6,f1-native
34,46,0.2511723016718516,0.4967178850708696,-2.0160000072856343,0.6102580195511411,6,f1-native
35,44,0.1820148289425013,0.6773324450103283,-2.016000043982741,0.6102580195511411,6,f1-native
36,45,0.3722786317731362,0.3482991145162483,-1.014999996481354,0.6106398206846273,6,f1-native
37,48,0.3465736212093551,0.4321363864973203,-1.0149999983722515,0.6107360526860622,6,f1-native
38,46,0.2477562519550175,0.6369234932801557,-2.015999999288676,0.6763795832179529,6,f1-native
39,47,0.2216156251889805,0.7408190717875021,-2.015999999288676,0.6763795832179529,6,f1-native
40,49,0.3126186362917975,0.477970991776498,-2.015999999288676,0.6790813929323286,6,f1-native
41,49,0.3360720261703017,0.5872365891998362,-3.0166666650279,0.7277160196251866,6,f1-native
42,47,0.5159542101190461,0.2879008233333323,-1.014999995961147,0.7334889606590447,6,f1-native
43,48,0.3319745674444848,0.5311959738492978,-2.0159999962263577,0.7345419126623184,6,f1-native
44,45,0.4096095424972957,0.5747163690896162,-3.0166666660517625,0.7851178198556616,6,f1-native
45,48,0.3301904685708358,0.5413466256579111,-2.016000004042978,0.7835653539086301,6,f1-native
46,42,0.4648842111099563,0.4305878747554625,-2.0160000034900425,0.7909962669615733,6,f1-native
47,41,0.4070516405595263,0.4827743691395081,-1.0150000341163945,0.8582148894109376,6,f1-native
48,46,0.4111491448447236,0.6672884839522965,-3.016666590746473,0.8582148894109376,6,f1-native
49,48,0.4591277422625666,0.5335303998327502,-2.01600000094871,0.861062878724421,6,f1-native
50,48,0.2628058867581122,0.8818098981128023,-3.016666610554748,1.0570799859808464,6,f1-native
51,42,0.3240608118790372,0.8820312966402156,-3.0166666917754936,1.0570799859808464,6,f1-native
52,44,0.5068944439538177,0.7299811660166368,-3.0166666527360384,1.1136742605974537,6,f1-native
53,44,0.4860472542954723,0.7129889819961076,-2.016000001937934,1.0834673201859135,6,f1-native
54,46,0.5316072744509458,0.6343531940971976,-2.0160000003616267,1.3738489113113168,6,f1-native
55,47,0.4715390833291317,1.0282907510933694,-3.016666683716485,1.378491423127562,6,f1-native
56,47,0.4163493803586649,1.217147618065077,-4.014294750922902,1.378503756478238,6,f1-native
57,44,0.6585195120488078,0.9482152287376336,-3.016666660083002,1.378503756478238,6,f1-native
58,44,0.6337685052390105,0.8991302867135771,-3.0166666668704485,1.4833142645650503,6,f1-native
59,47,0.376042823525809,1.5506273174380951,-5.017499988247787,1.483314264565051,6,f1-native
60,49,0.6097103206475422,0.9925800886418276,-4.017142859910762,1.483314264565051,6,f1-native
61,46,0.6108657340142701,1.236672086535825,-4.012527822698964,1.5691787943883904,6,f1-native
62,43,0.7105897723567803,1.134417806175454,-3.016666666935857,1.5691787943883904,6,f1-native
63,47,0.5507338523862844,1.3170321858161005,-4.0122822126022255,1.5692695818941156,6,f1-native
64,45,0.6808754317856176,0.8771531106924564,-4.012525643915286,1.5736942780117866,6,f1-native
65,47,0.6343187761410385,1.37407018815501,-5.017500006496417,1.5692695818941156,6,f1-native
66,43,0.6446439821345514,0.9213998345237884,-3.016666666935857,1.5692695818941156,6,f1-native
67,47,0.6496822201653164,1.1587601265992795,-4.017142848707531,1.6306639249513502,6,f1-native
68,49,0.7946869599036828,0.9861589566564984,-3.0166666669454103,1.6306639249513502,6,f1-native
69,48,0.5498851685133617,1.1193533292599802,-4.017142844613121,1.6307110180425866,6,f1-native
70,45,0.8304906318803917,0.6067761208480289,0.0012529716515365,1.6307110180425866,6,f1-native
71,43,0.6207302458804351,1.0476154051539446,-4.003536739256034,1.6306880184421415,6,f1-native
72,44,0.7842424130967006,0.9053321527203478,-4.003436312292521,1.6306880184421415,6,f1-native
73,42,0.8625637899311194,0.6304994703418211,0.0753021189500511,1.6306880184421415,6,f1-native
74,48,0.8632665081024116,0.5971677500702605,0.0015302965391427,1.6307110180425866,6,f1-native
75,46,0.7560048983013897,0.9631684434606036,-3.016666667143381,1.6307110180425866,6,f1-native
76,44,0.8280092120157779,1.1465516048825106,-5.017500018325918,1.6306880184421415,6,f1-native
77,46,0.8274973468447203,1.1536408182550209,-5.013715744346259,1.630197625757606,6,f1-native
78,48,0.8375995659565639,0.9492746045477466,-4.01714285562717,1.6302155540140773,6,f1-native
79,46,0.8392691394774937,0.6360002745838735,0.0015663609616209,1.6772729369352994,6,f1-native
80,43,0.852951813598568,1.1538022229532083,-4.003573408085765,1.6772729369352994,6,f1-native
81,48,0.7177121799173395,0.616444358262,0.0020571066790866,1.6806007807692571,6,f1-native
82,43,0.6493774086995711,1.209677773263114,-3.016666668213635,1.6806007807692578,6,f1-native
83,49,0.4233392421144435,1.2607812966911738,-4.003586391266096,1.6806007807692571,6,f1-native
84,45,0.7055301789821504,0.6299495793816169,0.00012343344377,1.7119830050178717,6,f1-native
85,48,0.6503586088629528,1.0708827450951344,-4.002491679879227,1.7119830050178717,6,f1-native
86,46,0.375811274624485,1.3225048559782937,-4.017142844433661,1.7120495062314818,6,f1-native
87,46,0.6320144764847945,1.2026069873890544,-4.003003737369694,1.753753393037105,6,f1-native
88,45,0.5342479471607542,1.5453473793103367,-5.003707306734041,1.753753393037105,6,f1-native
89,45,0.8676316710371494,0.6920424192607225,0.0041403342523353,1.7669509220580073,6,f1-native
90,45,0.7645440649997685,1.0549292586724166,-3.0166666700415807,1.7955489759698449,6,f1-native
91,46,0.4524557866840922,1.2776142549995122,-4.01714286787464,1.7708322416666649,6,f1-native
92,48,0.6377915956525173,1.1352362990918872,-3.0166666739300574,1.7708322416666649,6,f1-native
93,46,0.9401437761241396,0.700082254343459,0.1390029750309746,1.879035490333553,6,f1-native
94,46,0.5874822532625379,1.150973042068905,-4.017142849888336,1.88587562587968,6,f1-native
95,43,1.0737327718119918,0.9882159667044944,-4.001878796654427,1.88587562587968,6,f1-native
96,48,0.8866350056768775,1.3304591260281875,-4.01714286787464,1.88554912750182,6,f1-native
97,43,0.9630677701984598,1.0193168708165243,-3.016666664366236,1.8830857922025857,6,f1-native
98,46,0.7740570987969119,1.3510334502755312,-4.017142857141242,1.883650756416405,6,f1-native
99,47,0.7683701121906968,1.051439159493873,-3.016666666613238,1.9289502097426825,6,f1-native
100,47,0.9951867190034116,1.1477675085866568,-4.017142856675151,1.9293556554218816,6,f1-native
0,50,-1.0099999999999998,0.0,-1.0099999999999998,-1.0099999999999998,7,f1-native
1,44,-0.8305999999997123,0.3829068293990973,-1.0099999999999998,-0.0133333333317374,7,f1-native
2,44,-0.5521333339615231,0.4972922273003817,-1.0150000000428947,-0.0133333186114765,7,f1-native
3,48,-0.2130666661219223,0.3994681682022283,-1.0150000000428947,-0.0133333163667674,7,f1-native
4,48,-0.2329999909260638,0.413620200423333,-1.0150000001088093,-0.0133331845441052,7,f1-native
5,46,-0.2532333186834697,0.4269068939786905,-1.015000000105164,-0.0133331845441052,7,f1-native
6,47,-0.2530199696854352,0.4712028938028119,-2.015999837846444,-0.0133330804203327,7,f1-native
7,46,-0.3132332913993518,0.4581067991319658,-1.0150000348623676,-0.0133330780476971,7,f1-native
8,44,-0.2132666069809097,0.3998681855300747,-1.0150000348623676,-0.0133330780476971,7,f1-native
9,48,-0.333166597911689,0.466235339075471,-1.0150000348623676,-0.0133330780476971,7,f1-native
10,46,-0.2922720030885864,0.4499093295261098,-1.0150001162480564,0.0436987437362438,7,f1-native
11,48,-0.3499026273480752,0.4760386642189256,-1.0150000347984978,0.0436927756550551,7,f1-native
12,47,-0.3470683878171023,0.5182006369747614,-2.016000009456171,0.0436927756550551,7,f1-native
13,49,-0.5572030841268334,0.992735748619653,-3.016666663582919,0.1129670228871671,7,f1-native
14,44,-0.2450755985929644,0.669068130247716,-3.016666602248572,0.0752338669767311,7,f1-native
15,45,-0.3514372298712779,0.765384231090591,-3.0065036655835686,0.1129670228871671,7,f1-native
16,44,-0.0955922814221301,0.4230858617613493,-2.0159999536574973,0.182253764571943,7,f1-native
17,48,-0.3196148522667784,0.9031779317094304,-4.015278740502775,0.1577727355984493,7,f1-native
18,47,-0.3811699361952566,1.008975809444697,-4.017142854854117,0.1968367724225961,7,f1-native
19,45,-0.560290797267389,1.340116487790165,-5.009038447360799,0.2066000399423755,7,f1-native
20,47,-0.7408432690248747,1.5771524054832289,-4.017142856826551,0.2066000399423755,7,f1-native
21,46,-0.7789927774902488,1.8275711327219133,-6.017777684296471,0.3736500358884025,7,f1-native
22,45,-0.6375367020732052,1.8290720252943296,-7.018000000303079,0.3767902599351734,7,f1-native
23,47,-0.0538786379084098,1.024156565219766,-5.017500193619878,0.3930649863533174,7,f1-native
24,46,-0.145751427059866,1.1243862026509424,-4.017142915485357,0.5235214758588524,7,f1-native
25,45,-0.1077859423751298,1.201984997164398,-5.017500058064845,0.5234147570127547,7,f1-native
26,48,-0.0047228121161483,1.0909741310837089,-5.017499983503532,0.5234147570127547,7,f1-native
27,45,0.2042706083892814,0.7826429586943491,-5.017500000329791,0.5234147570127547,7,f1-native
28,41,0.1855535098196531,0.9591753316738968,-6.004444558813737,0.5979529466858692,7,f1-native
29,47,0.3721483712845401,0.1733334164272493,0.0125141108615879,0.6554271371671812,7,f1-native
30,45,0.2197592208306266,0.987882953331505,-5.017499989971593,0.7514033831731417,7,f1-native
31,47,0.4972196047192135,0.172464840916782,0.0096469310240855,0.7514033831731417,7,f1-native
32,46,0.5181200879547493,0.2003971103644179,0.0267652951638983,0.7514033831731417,7,f1-native
33,47,0.3689809969755877,0.5486614566691507,-3.016666666741644,0.7514033831731431,7,f1-native
34,45,0.3752528360135856,0.8374598908161639,-4.01714285365221,0.7514033831731431,7,f1-native
35,46,0.3084664359094864,0.7219232264304811,-3.016666667212984,0.762963102591283,7,f1-native
36,49,0.3796535057758539,0.8122884636424291,-5.017499998250572,0.869250343361974,7,f1-native
37,45,0.3968529742162011,0.5728589603524263,-3.01666666909017,0.869250343361974,7,f1-native
38,46,0.2842733947144558,0.5549351191156585,-3.016666667212984,0.8666437181795722,7,f1-native
39,48,0.5421958672258458,0.2665636628123702,0.0776368584212399,0.8977749825489076,7,f1-native
40,44,0.5666950874836622,0.2947538225848655,0.0233355990912214,1.0079003719171695,7,f1-native
41,48,0.2136607512964165,1.2224175253153595,-5.00730919313299,1.0076641363308017,7,f1-native
42,46,0.6607140793810347,0.305933349021874,0.0301520255664065,1.0076641363308017,7,f1-native
43,49,0.5482671900548634,0.7827237973865317,-3.016666663258943,1.0076641363308017,7,f1-native
44,46,0.5463956678242067,0.6137396963801085,-3.016666662110063,1.0076641363308017,7,f1-native
45,49,0.244982390469905,1.082086934050134,-3.016666663258943,1.014608441739303,7,f1-native
46,46,0.3634985715399804,1.050831928017052,-3.016666792829303,1.0753244503043664,7,f1-native
47,44,0.4314161503724462,0.94767470520879,-3.016666683539502,1.0753244503043664,7,f1-native
48,45,0.2354305235659914,1.4383003833969368,-5.017500006935958,1.109162980476007,7,f1-native
49,47,0.3420623074341931,1.069023668949192,-3.0166666664032045,1.109162980476007,7,f1-native
50,46,0.1277040463499338,1.3209659368058932,-4.017142857234114,1.1091629804760077,7,f1-native
51,46,0.3670754010269638,1.1492198130269449,-4.017142862641066,1.1223997565453832,7,f1-native
52,45,0.6382270119890858,0.8389818772710362,-3.0166668406685706,1.122399756545384,7,f1-native
53,45,0.3933705716077093,1.1576315616145236,-3.016666917177442,1.2616421526698658,7,f1-native
54,47,0.5305938047526834,0.919054483183204,-3.016666669216751,1.2616421526698658,7,f1-native
55,47,0.1894538389240283,1.2656632859184809,-3.0166668706445563,1.2616421526698658,7,f1-native
56,41,0.6696102594005926,0.8720837536973466,-3.016666726692016,1.261642152669866,7,f1-native
57,44,0.7325979569823449,0.8046817910344424,-2.0160000077513223,1.2616455815678966,7,f1-native
58,47,0.5682509578001955,1.0868202368589792,-3.01666680343761,1.3367222769174638,7,f1-native
59,43,0.98475416373183,0.5746191499787552,-2.0160000087566123,1.3448222207216636,7,f1-native
60,47,0.4535284971406944,1.258007210624853,-3.016666665213222,1.3448222207216636,7,f1-native
61,46,0.8158230556559262,0.7300712039168271,-2.0160000077513223,1.3739517861392332,7,f1-native
62,46,0.652982088194003,1.118181090357893,-3.0166667629861807,1.379737513289771,7,f1-native
63,43,0.9309919165852338,0.7454276044901583,-2.0159999981027505,1.379737513289771,7,f1-native
64,45,0.716918873942864,1.139596872291336,-3.016666783343458,1.4191401309360074,7,f1-native
65,47,0.7462006439768095,1.0731595259645343,-3.016666685747306,1.4500566900270389,7,f1-native
66,43,0.9435307098195196,0.6776630020404073,-2.015999998899962,1.586570674271367,7,f1-native
67,45,0.7110764964755996,0.9360445671073492,-3.016666665564112,1.451894169153277,7,f1-native
68,46,0.6880853786099582,1.2202430097426902,-5.0174999984824895,1.4624554489927937,7,f1-native
69,45,0.7563864849769498,1.1647521221987154,-3.0166666657884087,1.470734150493135,7,f1-native
70,46,0.6020516436808321,1.073711417673788,-3.0166666657884087,1.470734150493135,7,f1-native
71,46,0.8364058322184552,0.8038053268140699,-2.015999999172837,1.4774788417773608,7,f1-native
72,45,0.8279300253398307,0.8872629983801138,-3.0166666658300336,1.477570869721668,7,f1-native
73,45,0.7587687885200032,0.9751501696607376,-3.0166666640765434,1.480869445451332,7,f1-native
74,43,0.8447107871887745,0.6141137606435737,0.0133595320447576,1.5154951544426851,7,f1-native
75,43,0.7878241073509858,0.6008004699475176,0.0114873257215899,1.515495154442684,7,f1-native
76,49,0.6285869494960372,0.8795193190373688,-3.0166666702998235,1.490747371439916,7,f1-native
77,47,0.7307529208455786,0.5697229742073492,0.1324122142999987,1.490747371439916,7,f1-native
78,41,0.7203875300101498,0.7247690384982711,-2.015999994812627,1.5009433052378047,7,f1-native
79,45,0.7430679674625139,0.8925254202250957,-3.0166666689297523,1.5009433052378047,7,f1-native
80,46,0.4414509275700491,1.0645107871698514,-4.017142856556274,1.5009433052378054,7,f1-native
81,43,0.91270706253006,0.5899827567292075,0.0130163297042345,1.5009433052378047,7,f1-native
82,50,0.7310081269041286,0.915873471422737,-2.016000001235565,1.493105649473482,7,f1-native
83,46,0.9983763311799188,0.5939488407369072,0.0212190159784494,1.4932461488963238,7,f1-native
84,44,0.8746080852611583,0.83194129145719,-2.016000001069981,1.4932461488963238,7,f1-native
85,47,0.7442985290013481,0.8184859243396961,-2.0160000139106127,1.4932461488963238,7,f1-native
86,49,0.7797722491680985,0.6264046267427198,0.0138881171305307,1.5051301998070097,7,f1-native
87,46,0.7648964411523461,0.930283835616814,-2.0160000022937177,1.5051301998070097,7,f1-native
88,48,0.767389820785515,0.7356377567347455,-2.016000001069981,1.50655129677191,7,f1-native
89,48,0.7112331113043783,0.5834826718868802,0.0066719315265896,1.4933603312239532,7,f1-native
90,47,0.8753917658236671,0.5797185391566229,0.0183679796691739,1.4933603312239532,7,f1-native
91,44,0.7355993795947009,0.9032055992143736,-3.016666665270076,1.4933603312239545,7,f1-native
92,47,0.7292811998348661,0.6114008621159422,0.0211694331115768,1.4933603312239545,7,f1-native
93,48,0.5385834405963338,0.7677347945066827,-2.0160000012873325,1.4934405588103312,7,f1-native
94,43,0.4422816681189673,1.118359927021518,-4.0171428554261945,1.4934405588103312,7,f1-native
95,45,0.7139234872112117,0.6082264253255287,0.020626379845815,1.493440558810332,7,f1-native
96,49,0.6589473908038349,0.7108104176818214,-2.0160000012873325,1.509941359905276,7,f1-native
97,47,0.5684979714342316,0.5528073884130557,0.0137344516151632,1.5083307686317504,7,f1-native
98,46,0.5577106820770877,0.8653198699907204,-4.0171428603065085,1.5105646392072525,7,f1-native
99,48,0.8420647526885702,0.7263948276404424,-2.0160000002011835,1.5105646392072525,7,f1-native
100,47,0.6581873609677572,0.7058482694544639,-2.016000000441015,1.51084101093565,7,f1-native
0,50,-1.0099999999999998,0.0,-1.0099999999999998,-1.0099999999999998,8,f1-native
1,47,-0.8505333333330779,0.3653840354117305,-1.0099999999999998,-0.0133333333317374,8,f1-native
2,44,-0.3924666664308768,0.4842810526579001,-1.0150000000428947,-0.0133333186114765,8,f1-native
3,45,-0.2731666628744131,0.4383549130036205,-1.0150000000428947,-0.0133332505660692,8,f1-native
4,46,-0.2928999891846289,0.4483058048768255,-1.0150000000428947,-0.0133332505660692,8,f1-native
5,47,-0.2928999879595531,0.4483058050684514,-1.0149999982346138,-0.0133331590059477,8,f1-native
6,45,-0.3334399865381382,0.5458571344241964,-2.0159999931076995,-0.0133331677316613,8,f1-native
7,46,-0.3733333164245753,0.4800020947941307,-1.0150001289232824,-0.0133331677316613,8,f1-native
8,47,-0.2928655323228291,0.492235406165925,-2.015999955398805,0.0177222603490989,8,f1-native
9,45,-0.2683141112606596,0.5609762188552334,-3.016666678340908,0.0635081931768071,8,f1-native
10,47,-0.3622794705644748,0.5263877886901613,-2.0006406773198546,0.1284806251415942,8,f1-native
11,47,-0.3578161364406111,0.6327548265364227,-3.000611603897793,0.1328757236860014,8,f1-native
12,49,-0.4903562996026428,0.8572771393685531,-3.016666664757034,0.1328757236860014,8,f1-native
13,46,0.040538686335238,0.1580915695535382,-1.0149999715509437,0.1523508681592854,8,f1-native
14,47,-0.0520126396832381,0.4388548486986903,-2.011011117528149,0.215139244770763,8,f1-native
15,50,-0.0469721819261126,0.4869403774597649,-2.016000017519587,0.3225296688746172,8,f1-native
16,49,0.0675113528940005,0.2886640273775925,-1.0150000137761983,0.4110909070972198,8,f1-native
17,44,-0.0689059527939711,1.0013685349614367,-6.017777778896137,0.4111719189499552,8,f1-native
18,45,0.1311202802481413,0.5894955435106493,-3.0166666700948186,0.4295454377374363,8,f1-native
19,46,0.2366558276549941,0.3459606491239324,-2.0160000049645435,0.4855609840928416,8,f1-native
20,42,0.0107434851095554,1.1511398467298375,-6.017777778899298,0.4855609840928416,8,f1-native
21,45,0.1552079908151519,0.7659253941577808,-4.004914147468154,0.4855609840928416,8,f1-native
22,47,0.3287020781327411,0.1271894412959,0.0057093340611928,0.5858789930815147,8,f1-native
23,48,0.3275476462518923,0.1449632534616367,0.0213228767332614,0.5890801753813407,8,f1-native
24,46,0.217936726674522,0.8990852162933667,-6.004021880364381,0.5890801753813407,8,f1-native
25,45,0.2312470994257212,0.901240567583424,-6.0007419654476495,0.643351879463764,8,f1-native
26,44,0.37167550797347,0.1445294310937293,0.0006870594007283,0.5878794537853742,8,f1-native
27,46,0.3811475722538137,0.1651926907560064,0.0016337188713662,0.6445885548744139,8,f1-native
28,40,0.390379381569757,0.165108914601291,0.0121540479311585,0.6377751382010395,8,f1-native
29,45,0.3945640299145861,0.1713782153173371,0.0264712340744434,0.643351879463764,8,f1-native
30,47,0.3929082278271631,0.1944632512963832,0.0071873708395433,0.6973325282626314,8,f1-native
31,45,0.2562477183581882,0.7932598506250392,-4.007251402887568,0.643351879463764,8,f1-native
32,49,0.4613272318010268,0.1604336015234638,0.0182551628780235,0.7027378716591235,8,f1-native
33,45,0.4495526479786141,0.1847698986869027,0.0309740861584761,0.7027378716591235,8,f1-native
34,47,0.4534200480865177,0.1800778004125833,0.0309740861584761,0.7027378716591235,8,f1-native
35,49,0.4032780938492848,0.2070164986831916,0.0292327881122577,0.7053211783985833,8,f1-native
36,49,0.3810321423837265,0.1825103784115012,0.0090684463706644,0.7053211783985833,8,f1-native
37,48,0.3979806724593277,0.1978744051685338,0.0175442468442134,0.7053211783985841,8,f1-native
38,47,0.449554331162468,0.1586086841252719,0.1118279424035059,0.722474719052513,8,f1-native
39,45,0.3864842534645459,0.7899069180452898,-5.017500000872392,0.7225098498281312,8,f1-native
40,49,0.3146799055563726,0.7878193670830242,-5.017499999403721,0.7150184990458324,8,f1-native
41,43,0.3539972184307434,1.066241891322726,-7.017999999814967,0.7383335156822822,8,f1-native
42,49,0.1966048120483526,1.414518286827109,-8.018181818434211,0.7280587388453954,8,f1-native
43,49,0.5092615072639507,0.1951211904260661,0.0323752069437011,0.8028751255872032,8,f1-native
44,45,0.511159037793698,0.2059167102352064,0.0676296741852845,0.8028751255872032,8,f1-native
45,46,0.3144174284051341,1.1039463698957368,-5.017499999447556,0.8891453276016482,8,f1-native
46,46,0.5542601336746792,0.2049743578525167,0.0705615959321206,0.8891453276016482,8,f1-native
47,49,0.5024811405914013,0.2650627776027227,0.0481673641133616,0.8891453276016482,8,f1-native
48,46,0.2782411177645521,1.3044984965027977,-6.000100218747878,0.908793825794427,8,f1-native
49,46,0.2139354258635908,1.2020963414853203,-6.017777777837551,0.911221036477439,8,f1-native
50,45,0.4187211926992421,1.0967169531219865,-7.017999997919297,0.9926816430788424,8,f1-native
51,47,0.5854345019299447,0.2749167124967798,0.0535472092374155,0.9926816430788432,8,f1-native
52,47,0.455652394010329,0.9768517984164898,-6.002932395434339,0.9926816430788435,8,f1-native
53,48,0.5379201063227232,0.986357083111509,-6.017777778075972,1.0081552366241318,8,f1-native
54,46,0.6138328633015745,0.3135298498255179,0.0202740126366543,1.0081552366241318,8,f1-native
55,46,0.4313312277254948,1.344926559764705,-6.017777778202284,1.0259831428648252,8,f1-native
56,45,0.2029502351601632,1.6065600945579157,-6.017777778202284,1.061153688742848,8,f1-native
57,42,0.5171804090737425,0.9881850367643744,-6.017777778170153,1.061153688742848,8,f1-native
58,48,0.463484907204323,0.9841162393777771,-6.017777778295674,1.061153688742849,8,f1-native
59,45,0.6618399397878353,0.3345215460991482,0.0558158820120682,1.0653394576061774,8,f1-native
60,47,0.5595187060213629,0.995376336121165,-6.017777778295674,1.112311105095775,8,f1-native
61,47,0.7002155642789002,0.3539261111814891,0.0216721146595295,1.1379451314112563,8,f1-native
62,45,0.6669452470149767,0.3811592291528434,0.0426551589059295,1.1379451314112563,8,f1-native
63,46,0.2919516413873698,1.7231057874982976,-7.017999999966818,1.1379451314112563,8,f1-native
64,42,0.7045577757067031,0.3495499813256044,0.0420282127179889,1.1379451314112563,8,f1-native
65,47,0.7316033687908541,0.3502555817711056,0.0309108160427462,1.1379451314112563,8,f1-native
66,48,0.4881114559833615,0.9972732055904936,-6.01777777666865,1.1930773758422408,8,f1-native
67,47,0.6695908943575983,0.3567813704912124,0.0783873873205038,1.1930773758422408,8,f1-native
68,47,0.6923674673360207,0.3456145835749223,0.0308899355203623,1.1930773758422408,8,f1-native
69,46,0.6605455584165953,0.393716664304638,0.0214666092185153,1.1930773758422406,8,f1-native
70,44,0.7306573358220225,0.376561037758212,0.0863011391485535,1.163211216515904,8,f1-native
71,49,0.7253734178846258,0.3906206126846042,0.038343175997576,1.1790438455079175,8,f1-native
72,47,0.7066842284944458,0.4078055734186752,0.0325773589423681,1.151050008845835,8,f1-native
73,44,0.7392024842238075,0.3422041081558384,0.1049129732158118,1.170948233594585,8,f1-native
74,49,0.5480196119880335,1.013506104822644,-6.01777777769686,1.1632112165159052,8,f1-native
75,48,0.4121508298111077,1.5712165162613396,-8.0156395657764,1.1632112165159052,8,f1-native
76,48,0.3454276591660912,1.4457769676281236,-7.017999999728376,1.1530230823940364,8,f1-native
77,47,0.6881299470192725,0.3512163041351233,0.0115425574381965,1.170979963703868,8,f1-native
78,46,0.5003338413456571,1.1329349127627013,-7.017999999843866,1.170979963703868,8,f1-native
79,45,0.7248683581008336,0.3489035841077215,0.0120038926089643,1.2228066843257617,8,f1-native
80,44,0.5486693539299885,1.026103548460653,-6.017777777914418,1.227023953936665,8,f1-native
81,46,0.2992818029988877,1.5414992938001817,-8.016342036856877,1.227023953936665,8,f1-native
82,45,0.5049003775794694,1.2765716505241402,-8.018181818172028,1.227023953936665,8,f1-native
83,45,0.3391746556691133,1.649435440230491,-6.0177777780672566,1.227023953936665,8,f1-native
84,49,0.7168365529376045,0.3805832431674815,0.035347707343133,1.227023953936666,8,f1-native
85,48,0.5237413669434736,1.0244955848684656,-6.017777778056053,1.227023953936666,8,f1-native
86,47,0.5553403758334889,1.2975112916219227,-8.0181818180146,1.231072045453626,8,f1-native
87,45,0.6806815321758887,0.3882549575901708,0.027076304151311,1.23217985965215,8,f1-native
88,46,0.6212250819364665,0.4456223857192845,0.0003415678720897,1.231072045453626,8,f1-native
89,47,0.6596405909103044,0.4269453529300578,0.0400066516085598,1.231072045453626,8,f1-native
90,46,0.5771673644303962,1.296258959158456,-8.016308631207165,1.2667891374947664,8,f1-native
91,47,0.4076412698482561,1.382637315379191,-6.0177777780672566,1.2667891374947664,8,f1-native
92,43,0.5346870393153125,1.044049596849944,-6.0177777780672566,1.2667891374947664,8,f1-native
93,46,0.3039922519115812,1.5747506939426896,-8.00316731665341,1.2667891374947664,8,f1-native
94,47,0.5177282873063901,1.2916833973489064,-8.018181817911175,1.2667891374947664,8,f1-native
95,49,0.0205680381861312,1.9784621641265585,-7.017999999982856,1.2667891374947664,8,f1-native
96,45,0.5416383614816203,1.2917802076402418,-8.003439230822414,1.2668071050712972,8,f1-native
97,41,0.823944125243612,0.4377134115669603,0.0259092602866297,1.2668071050712972,8,f1-native
98,47,0.7553096165603711,0.4770384677317368,0.0340555718001389,1.2856609234367142,8,f1-native
99,47,0.541222118832012,1.3072670518601266,-8.014046982476868,1.2868510310298744,8,f1-native
100,43,0.587641791730171,1.1827686649283449,-7.017999999973014,1.2868510310298744,8,f1-native
0,50,-1.0099999999999998,0.0,-1.0099999999999998,-1.0099999999999998,9,f1-native
1,46,-0.8903999999998083,0.3238783310653388,-1.0099999999999998,-0.0133333333317374,9,f1-native
2,45,-0.5519333328350328,0.4971070044537465,-1.0150000000428947,-0.0133333186114765,9,f1-native
3,44,-0.213166664162014,0.3996682317281465,-1.0150000000428947,-0.0133333186114765,9,f1-native
4,45,-0.2532333272314698,0.4269068875947423,-1.0150000000428947,-0.0133333186114765,9,f1-native
5,47,-0.3132333236219553,0.4581067854004956,-1.0150000121844387,-0.0133333186114765,9,f1-native
6,44,-0.2530333247689179,0.4265509883068689,-1.0149999997469918,-0.013333307716814,9,f1-native
7,49,-0.3330666577896122,0.4660895702529435,-1.0149999997469918,-0.013333307716814,9,f1-native
8,49,-0.2929999926656401,0.4484662773731046,-1.0149999997469918,-0.013333307716814,9,f1-native
9,49,-0.2928866589763068,0.4909842957290669,-2.0159999999841025,-0.013333307716814,9,f1-native
10,44,-0.2532333232434018,0.4269068889625431,-1.0149999997469918,-0.013333307716814,9,f1-native
11,46,-0.35309999235465,0.4733859152786983,-1.0150000001122883,-0.013333307716814,9,f1-native
12,48,-0.2530199850069082,0.4712028992100815,-2.015999996038403,-0.0133331896041291,9,f1-native
13,46,-0.2330999873181092,0.4138086046513047,-1.0150000001892825,-0.0133329560247305,9,f1-native
14,44,-0.2532309745431952,0.4269027565319504,-1.015000066935056,-0.0133331887601117,9,f1-native
15,48,-0.2533199552634041,0.4716861121085144,-2.016000004475248,-0.0133329560247305,9,f1-native
16,45,-0.2130642583133117,0.3994635515910814,-1.0150000669610852,-0.0133329560247305,9,f1-native
17,48,-0.3524108113718497,0.4734705695843441,-1.015000168305615,0.0111218191944816,9,f1-native
18,44,-0.1922741085505986,0.3837675505667597,-1.015000066935056,0.0111187107526149,9,f1-native
19,47,-0.1858354188196154,0.3870369095087559,-1.0150003104930023,0.0759676327233185,9,f1-native
20,47,-0.1761788698965821,0.4417798466504544,-2.015999995551799,0.1380947585532438,9,f1-native
21,43,-0.2932518353692208,0.6660471810177145,-2.0160001457611623,0.1879637973943143,9,f1-native
22,44,-0.0524649459947059,0.3254196769517637,-1.015000000077073,0.2325622670927999,9,f1-native
23,46,-0.0160856516286587,0.4424014985866472,-2.016000269896095,0.2325622670928003,9,f1-native
24,44,0.0271996293980469,0.3744606606833452,-2.015999867791882,0.2595988909683978,9,f1-native
25,43,0.0454853973231713,0.3797505408146951,-2.0160001291816987,0.2731798651385068,9,f1-native
26,47,0.1075600051437185,0.2924906381385114,-1.0150000089145432,0.2853782100036613,9,f1-native
27,47,0.1129908898035144,0.1921045611194237,-1.009646003796587,0.2853782100036613,9,f1-native
28,45,0.1088189221760662,0.4566296240532031,-3.0166666657567407,0.329018461810311,9,f1-native
29,46,0.0851026889329987,0.6164671572491135,-4.0171428590433935,0.329018461810311,9,f1-native
30,44,-0.0033036836455593,0.6224506882439496,-2.0160000011725523,0.329018461810311,9,f1-native
31,46,0.0809367771136524,0.7355487260395683,-5.017499997412572,0.3449102893594894,9,f1-native
32,46,0.1520465092409288,0.1943845994752391,-1.0150000034972289,0.3449102893594892,9,f1-native
33,46,0.0787076468247683,0.5754586022058117,-3.016666662971016,0.3449102893594894,9,f1-native
34,46,0.1292808432731516,0.4047129587064096,-2.0159998919088773,0.3620869303055637,9,f1-native
35,47,0.1911133420847027,0.3312897503470006,-2.0062286255400466,0.3847273348797713,9,f1-native
36,48,-0.0361845388798994,0.9061669557777016,-4.017142865021532,0.3732036733238042,9,f1-native
37,46,0.1668628992660547,0.4655164704689777,-3.016666667104799,0.3660762967198592,9,f1-native
38,47,0.1407644725881365,0.5617113590120731,-3.0166666643089,0.4273602199573754,9,f1-native
39,48,0.2326002401717511,0.343603767143379,-2.015999999901789,0.538910911058672,9,f1-native
40,44,0.342494403742217,0.1313890476777088,0.0494967867118921,0.5477290541528086,9,f1-native
41,44,0.3690331482455221,0.1344964184716243,0.062819732824613,0.5477290541528086,9,f1-native
42,49,0.3639255224408541,0.1432897303106082,0.0447536404635479,0.5477290541528086,9,f1-native
43,47,0.3809064927353321,0.156763537095616,0.0287001766634098,0.6909298474384186,9,f1-native
44,46,0.2944824839756199,0.9152378326389226,-6.013441270756562,0.6909298474384186,9,f1-native
45,47,0.3760295091802454,0.1756717310317049,0.0427302582671801,0.6672785795468436,9,f1-native
46,46,0.3562901590046269,0.1804734728379994,0.0447536404635473,0.6629960814513652,9,f1-native
47,48,0.3784567336959961,0.1816382511788204,0.0674824656099456,0.7000262673287208,9,f1-native
48,47,0.4011165805560024,0.2088221852797375,0.0113702188662755,0.7000262673287208,9,f1-native
49,48,0.416186442569489,0.2177233092677407,0.0416917364648589,0.7432440194010815,9,f1-native
50,45,0.4583857639471618,0.2245119278645084,0.0178609537953682,0.7311659839173211,9,f1-native
51,44,0.5047420577920121,0.2258737450491424,0.0178658062795624,0.7408634042693504,9,f1-native
52,46,0.2952251860181195,0.9298025563605042,-6.012661432975605,0.7710175927095086,9,f1-native
53,50,0.402824210995985,0.5266747014448392,-3.001578572035995,0.7408634042693504,9,f1-native
54,44,0.4406070838694921,0.2192844133364546,0.0411193661609074,0.7408634042693504,9,f1-native
55,47,0.3137183018969894,0.7898979082371397,-5.003408178477748,0.7435214931937494,9,f1-native
56,45,0.4615927951579083,0.2092082355624326,0.0284243561681667,0.7328837591710582,9,f1-native
57,46,0.3305724188063943,0.8054212795242454,-5.0059776110021685,0.7433203307657705,9,f1-native
58,46,0.4148804671006663,0.236021495184493,0.0083647761196485,0.7597562202640443,9,f1-native
59,44,0.4932924517017411,0.1911165689629342,0.0442910378164174,0.76450032029848,9,f1-native
60,48,0.5070474532526605,0.2099048551826832,0.070912858928238,0.8251842183727702,9,f1-native
61,47,0.4876240848628523,0.2331254754056391,0.0976677874110032,0.8592631590312473,9,f1-native
62,41,0.5104317029244508,0.2505933778378106,0.038334965000461,0.8592631590312473,9,f1-native
63,47,0.4861841006002055,0.2677498652799683,0.0126862798345838,0.8592631590312485,9,f1-native
64,49,0.47424425883941,0.2299029509058676,0.038334965000461,0.8592631590312473,9,f1-native
65,46,0.4363559286764158,0.4186566184438844,-2.0160000999258885,0.8500959404736376,9,f1-native
66,46,0.4729245817535388,0.2579356858052112,0.0015587347022412,0.8847419648777916,9,f1-native
67,44,0.4634969008031324,0.2319098779153037,0.0611303556195432,0.8664720039537708,9,f1-native
68,45,0.4858935002435383,0.2417042565507297,0.0620315034455401,0.8664720039537708,9,f1-native
69,46,0.4974282665369203,0.2432927684437412,0.0169261151107946,0.8664720039537708,9,f1-native
70,46,0.4556058096387171,0.2511944038429595,0.006061731852898,0.8664720039537708,9,f1-native
71,43,0.4625855292031879,0.2626140658138007,0.0168217327613536,0.8664720039537708,9,f1-native
72,44,0.4641174902963968,0.2454655643977091,0.0856192573572258,0.8664720039537708,9,f1-native
73,45,0.4433319199431788,0.2716674754863017,0.0125384719794341,0.9022695710744584,9,f1-native
74,44,0.4353203487894125,0.5601945336447098,-3.016666723827909,0.9076342071930288,9,f1-native
75,46,0.4694364542100472,0.2366536650312246,0.1010361316603075,0.9076342071930288,9,f1-native
76,46,0.4554864471319393,0.2424452815047368,0.035793122487247,0.9337869072248426,9,f1-native
77,49,0.3696908480772015,0.2188828037199135,0.0462294753677027,0.888176912903074,9,f1-native
78,47,0.4132485398864911,0.2248989914020695,0.035793122487247,0.888176912903074,9,f1-native
79,47,0.5220706504127027,0.2059382635068684,0.0962648831039582,0.888176912903074,9,f1-native
80,42,0.5527784199565577,0.256553459264544,0.0329169858579554,0.9778110397400044,9,f1-native
81,43,0.5397743874509704,0.2791938594105829,0.0106767854521881,0.9778110397400044,9,f1-native
82,47,0.5146435005724743,0.2629611042556523,0.0149540908385818,0.9778110397400044,9,f1-native
83,48,0.5178601075518368,0.2463790916372354,0.1084912188063609,0.9548238105166637,9,f1-native
84,46,0.5440206897805995,0.2875669564979877,0.0336001772325083,0.9778110397400044,9,f1-native
85,45,0.486760942127034,0.2687301060952568,0.0333655185620257,0.9778110397400044,9,f1-native
86,45,0.5617413588666575,0.3171378071270939,0.0166858774232782,1.0182742535134677,9,f1-native
87,46,0.5890816743780364,0.3000340426324672,0.0248113141278945,1.0070022497809208,9,f1-native
88,45,0.6077808507112413,0.3081409144383742,0.0170022123382157,1.0070022497809208,9,f1-native
89,47,0.5927431852012639,0.3138306167870066,0.0384397153635996,1.0070022497809208,9,f1-native
90,45,0.5421139863444298,0.3225536328113051,0.1215874983789968,1.0026387372595411,9,f1-native
91,48,0.5906935624779888,0.3170736606309168,0.0334012905361531,1.1320681134425,9,f1-native
92,48,0.6135609112355263,0.2889274234923402,0.0078738397682118,1.1320681134425,9,f1-native
93,46,0.6420386242604242,0.3276958309020447,0.0386657381203276,1.1320681134425,9,f1-native
94,46,0.6000679217254963,0.3592638374294301,0.0128360378238942,1.140170760854057,9,f1-native
95,47,0.6315559299290335,0.3443548431345892,0.0438244670847085,1.1401707608540572,9,f1-native
96,45,0.6293727406855694,0.3366765505213894,0.050295623627856,1.1401707608540572,9,f1-native
97,44,0.6761400173043493,0.3152398663607869,0.0170002655557978,1.1401707608540572,9,f1-native
98,48,0.6021013379295196,0.3197495406668214,0.0177832377960884,1.1458610861104677,9,f1-native
99,46,0.6381469386401366,0.3211019542957706,0.0239297512663298,1.1006742266369829,9,f1-native
100,45,0.6367399898254508,0.3516317208120001,0.0279059311865923,1.1284697285309713,9,f1-native
